rule_index,direction,offset,multiplier,intercept,centered_score,matches,incorrect,matrix_total
0,1,0,1,0,-2246,25195,662181,405366
1,1,0,1,1,704,30879,656497,493360
2,1,0,1,2,821,26204,661172,418443
3,1,0,1,3,527,31638,655738,505681
4,1,0,1,4,-2019,25638,661738,412227
5,1,0,1,5,414,31209,656167,498930
6,1,0,1,6,-4024,26849,660527,433608
7,1,0,1,7,2758,31556,655820,502138
8,1,0,1,8,3400,26656,660720,423096
9,1,0,1,9,-877,30048,657328,481645
10,1,0,1,10,346,25543,661833,408342
11,1,0,1,11,2321,29154,658222,464143
12,1,0,1,12,-758,27894,659482,447062
13,1,0,1,13,2698,31879,655497,507366
14,1,0,1,14,-1636,27838,659538,447044
15,1,0,1,15,-2580,28129,659247,452644
16,1,0,1,16,840,25204,662172,402424
17,1,0,1,17,-442,32604,654772,522106
18,1,0,1,18,-331,27193,660183,435419
19,1,0,1,19,784,27763,659613,443424
20,1,0,1,20,1080,26646,660730,425256
21,1,0,1,21,-3292,32554,654822,524156
22,1,0,1,22,15,29299,658077,468769
23,1,0,1,23,1497,29804,657572,475367
24,1,0,5,0,5091,26256,661120,415005
25,1,0,5,1,-1684,31403,655973,504132
26,1,0,5,2,-1007,27358,660018,438735
27,1,0,5,3,-2234,29143,658233,468522
28,1,0,5,4,-3817,25357,662019,409529
29,1,0,5,5,-2485,31691,655685,509541
30,1,0,5,6,-2677,28690,658686,461717
31,1,0,5,7,3304,30952,656424,491928
32,1,0,5,8,1587,26898,660478,428781
33,1,0,5,9,-175,31620,655756,506095
34,1,0,5,10,-3031,28719,658657,462535
35,1,0,5,11,1410,28462,658914,453982
36,1,0,5,12,-2546,26225,661151,422146
37,1,0,5,13,-1336,30779,656597,493800
38,1,0,5,14,-2541,26102,661274,420173
39,1,0,5,15,-2231,30044,657332,482935
40,1,0,5,16,-401,26013,661363,416609
41,1,0,5,17,4382,32035,655341,508178
42,1,0,5,18,2205,26450,660926,420995
43,1,0,5,19,5680,28621,658755,452256
44,1,0,5,20,383,26484,660892,423361
45,1,0,5,21,503,31645,655731,505817
46,1,0,5,22,2242,25607,661769,407470
47,1,0,5,23,-622,30822,656554,493774
48,1,0,7,0,-474,23686,663690,379450
49,1,0,7,1,-759,30129,657247,482823
50,1,0,7,2,572,27532,659844,439940
51,1,0,7,3,-2704,32859,654517,528448
52,1,0,7,4,-993,24582,662794,394305
53,1,0,7,5,1555,30603,656773,488093
54,1,0,7,6,-2987,27945,659431,450107
55,1,0,7,7,1945,30444,656932,485159
56,1,0,7,8,2320,25984,661392,413424
57,1,0,7,9,-305,29089,658287,465729
58,1,0,7,10,556,27447,659929,438596
59,1,0,7,11,-495,31988,655388,512303
60,1,0,7,12,-1710,28268,659108,453998
61,1,0,7,13,4691,30673,656703,486077
62,1,0,7,14,3854,28375,659001,450146
63,1,0,7,15,-4987,29257,658119,473099
64,1,0,7,16,-2371,26249,661127,422355
65,1,0,7,17,265,29189,658187,466759
66,1,0,7,18,-2188,27232,660144,437900
67,1,0,7,19,1067,30831,656545,492229
68,1,0,7,20,-3081,25453,661923,410329
69,1,0,7,21,1774,31164,656212,496850
70,1,0,7,22,1990,27406,659970,436506
71,1,0,7,23,2465,30991,656385,493391
72,1,0,11,0,2523,27032,660344,429989
73,1,0,11,1,4025,28872,658504,457927
74,1,0,11,2,-1064,28348,659028,454632
75,1,0,11,3,-873,32559,654817,521817
76,1,0,11,4,440,26109,661267,417304
77,1,0,11,5,1914,29312,658064,467078
78,1,0,11,6,2088,27139,660237,432136
79,1,0,11,7,-1264,31515,655861,505504
80,1,0,11,8,-2297,25749,661627,414281
81,1,0,11,9,125,30862,656514,493667
82,1,0,11,10,-2476,28160,659216,453036
83,1,0,11,11,504,31119,656257,497400
84,1,0,11,12,-2359,24405,662971,392839
85,1,0,11,13,2840,31623,655753,503128
86,1,0,11,14,2305,27135,660241,431855
87,1,0,11,15,-2289,29051,658325,467105
88,1,0,11,16,-4094,25317,662059,409166
89,1,0,11,17,-583,30198,657178,483751
90,1,0,11,18,-179,29045,658331,464899
91,1,0,11,19,363,29745,657631,475557
92,1,0,11,20,-522,25610,661766,410282
93,1,0,11,21,-1100,29980,657396,480780
94,1,0,11,22,1123,26110,661266,416637
95,1,0,11,23,850,32381,654995,517246
96,1,0,13,0,2239,26859,660517,427505
97,1,0,13,1,5104,32401,654975,513312
98,1,0,13,2,-464,27069,660307,433568
99,1,0,13,3,-199,28173,659203,450967
100,1,0,13,4,-3589,25436,661940,410565
101,1,0,13,5,-680,33174,654202,531464
102,1,0,13,6,-2095,25508,661868,410223
103,1,0,13,7,-292,29280,658096,468772
104,1,0,13,8,1628,26902,660474,428804
105,1,0,13,9,-3233,32018,655358,515521
106,1,0,13,10,891,26924,660452,429893
107,1,0,13,11,1221,28014,659362,447003
108,1,0,13,12,-5243,26230,661146,424923
109,1,0,13,13,-1702,30357,657019,487414
110,1,0,13,14,-351,26973,660403,431919
111,1,0,13,15,-1854,31594,655782,507358
112,1,0,13,16,2410,25406,661970,404086
113,1,0,13,17,652,30639,656737,489572
114,1,0,13,18,-2260,28534,658842,458804
115,1,0,13,19,3834,30039,657337,476790
116,1,0,13,20,2852,26400,660976,419548
117,1,0,13,21,-936,30584,656792,490280
118,1,0,13,22,-530,27918,659458,447218
119,1,0,13,23,2597,30944,656432,492507
120,1,0,17,0,3982,26763,660613,424226
121,1,0,17,1,-299,30120,657256,482219
122,1,0,17,2,-3662,26413,660963,426270
123,1,0,17,3,-3128,27922,659454,449880
124,1,0,17,4,-1203,26020,661356,417523
125,1,0,17,5,3601,32143,655233,510687
126,1,0,17,6,-3125,29121,658255,469061
127,1,0,17,7,4234,29542,657834,468438
128,1,0,17,8,1027,24942,662434,398045
129,1,0,17,9,1388,31828,655548,507860
130,1,0,17,10,1845,26508,660868,422283
131,1,0,17,11,2010,30602,656774,487622
132,1,0,17,12,-1437,25718,661658,412925
133,1,0,17,13,-2721,32062,655314,515713
134,1,0,17,14,114,27047,660329,432638
135,1,0,17,15,-1337,31265,656111,501577
136,1,0,17,16,-3015,25350,662026,408615
137,1,0,17,17,-1704,31583,655793,507032
138,1,0,17,18,2653,26019,661357,413651
139,1,0,17,19,4750,30031,657345,475746
140,1,0,17,20,943,28440,658936,454097
141,1,0,17,21,-1060,31437,655939,504052
142,1,0,17,22,-2634,27818,659558,447722
143,1,0,17,23,-1222,28682,658694,460134
144,1,0,19,0,-2457,25785,661591,415017
145,1,0,19,1,2357,30215,657161,481083
146,1,0,19,2,980,29858,657518,476748
147,1,0,19,3,-4064,30131,657245,486160
148,1,0,19,4,-2084,24525,662851,394484
149,1,0,19,5,1865,29459,657917,469479
150,1,0,19,6,-2288,26899,660477,432672
151,1,0,19,7,2679,29646,657730,471657
152,1,0,19,8,-131,26007,661369,416243
153,1,0,19,9,1255,29384,657992,468889
154,1,0,19,10,-1812,27417,659959,440484
155,1,0,19,11,3725,31663,655713,502883
156,1,0,19,12,273,26169,661207,418431
157,1,0,19,13,1575,30587,656789,487817
158,1,0,19,14,3446,26049,661327,413338
159,1,0,19,15,-3627,31985,655391,515387
160,1,0,19,16,-1280,26306,661070,422176
161,1,0,19,17,-45,30333,657043,485373
162,1,0,19,18,-2887,28278,659098,455335
163,1,0,19,19,333,31629,655747,505731
164,1,0,19,20,-630,25430,661946,407510
165,1,0,19,21,214,30869,656507,493690
166,1,0,19,22,4358,27436,659940,434618
167,1,0,19,23,-1755,31316,656060,502811
168,1,0,23,0,-1277,26759,660617,429421
169,1,0,23,1,1015,30508,656868,487113
170,1,0,23,2,2642,27228,660148,433006
171,1,0,23,3,-2002,30135,657241,484162
172,1,0,23,4,-4262,26690,660686,431302
173,1,0,23,5,3836,32010,655366,508324
174,1,0,23,6,2721,28372,659004,451231
175,1,0,23,7,685,29360,658016,469075
176,1,0,23,8,144,24424,662952,390640
177,1,0,23,9,691,30399,656977,485693
178,1,0,23,10,-2890,27171,660205,437626
179,1,0,23,11,1456,33643,653733,536832
180,1,0,23,12,1441,24678,662698,393407
181,1,0,23,13,5850,29987,657389,473942
182,1,0,23,14,-1401,28255,659121,453481
183,1,0,23,15,-1160,31475,655901,504760
184,1,0,23,16,608,24736,662640,395168
185,1,0,23,17,-2505,27500,659876,442505
186,1,0,23,18,-812,27812,659564,445804
187,1,0,23,19,-1586,31900,655476,511986
188,1,0,23,20,-2963,26935,660441,433923
189,1,0,23,21,-1666,30443,656933,488754
190,1,0,23,22,1537,27099,660277,432047
191,1,0,23,23,-102,29857,657519,477814
192,1,1,1,0,394,25302,662074,404438
193,1,1,1,1,-744,30680,656696,491624
194,1,1,1,2,-1973,26046,661330,418709
195,1,1,1,3,476,31704,655672,506788
196,1,1,1,4,-293,25669,661707,410997
197,1,1,1,5,-3389,30890,656486,497629
198,1,1,1,6,998,27105,660271,432682
199,1,1,1,7,1428,31548,655828,503340
200,1,1,1,8,-3363,26291,661085,424019
201,1,1,1,9,2568,30202,657174,480664
202,1,1,1,10,-2795,25395,661981,409115
203,1,1,1,11,260,29040,658336,464380
204,1,1,1,12,787,28062,659314,448205
205,1,1,1,13,340,31715,655661,507100
206,1,1,1,14,-1582,27893,659483,447870
207,1,1,1,15,4401,28627,658749,453631
208,1,1,1,16,1352,25235,662141,402408
209,1,1,1,17,1951,32727,654649,521681
210,1,1,1,18,2381,27476,659900,437235
211,1,1,1,19,-2247,27574,659802,443431
212,1,1,1,20,-1702,26466,660910,425158
213,1,1,1,21,1421,32881,654495,524675
214,1,1,1,22,2072,29320,658056,467048
215,1,1,1,23,-2741,29528,657848,475189
216,1,1,5,0,1352,26062,661314,415640
217,1,1,5,1,1127,31551,655825,503689
218,1,1,5,2,54,27464,659912,439370
219,1,1,5,3,2783,29540,657836,469857
220,1,1,5,4,2869,25791,661585,409787
221,1,1,5,5,-3412,31584,655792,508756
222,1,1,5,6,-1252,28787,658589,461844
223,1,1,5,7,-724,30693,656683,491812
224,1,1,5,8,-3749,26577,660799,428981
225,1,1,5,9,1150,31717,655659,506322
226,1,1,5,10,-228,28861,658515,462004
227,1,1,5,11,-484,28356,659020,454180
228,1,1,5,12,-985,26307,661069,421897
229,1,1,5,13,3619,30998,656378,492349
230,1,1,5,14,718,26316,661060,420338
231,1,1,5,15,382,30266,657110,483874
232,1,1,5,16,-748,25972,661404,416300
233,1,1,5,17,229,31714,655662,507195
234,1,1,5,18,693,26443,660933,422395
235,1,1,5,19,-589,28285,659091,453149
236,1,1,5,20,-1564,26316,661060,422620
237,1,1,5,21,-566,31531,655845,505062
238,1,1,5,22,-884,25364,662012,406708
239,1,1,5,23,209,30881,656495,493887
240,1,1,7,0,-3623,23392,663984,377895
241,1,1,7,1,-170,30322,657054,485322
242,1,1,7,2,-2284,27384,659992,440428
243,1,1,7,3,2579,33285,654091,529981
244,1,1,7,4,-2216,24410,662966,392776
245,1,1,7,5,-2621,30342,657034,488093
246,1,1,7,6,6104,28644,658732,452200
247,1,1,7,7,-872,30231,657145,484568
248,1,1,7,8,1713,26065,661311,415327
249,1,1,7,9,-1659,29000,658376,465659
250,1,1,7,10,2844,27528,659848,437604
251,1,1,7,11,2552,32089,655287,510872
252,1,1,7,12,497,28428,658948,454351
253,1,1,7,13,-178,30269,657107,484482
254,1,1,7,14,-7193,27649,659727,449577
255,1,1,7,15,5205,29876,657500,472811
256,1,1,7,16,-934,26288,661088,421542
257,1,1,7,17,-4954,28915,658461,467594
258,1,1,7,18,1582,27481,659895,438114
259,1,1,7,19,-3,30695,656681,491123
260,1,1,7,20,-856,25598,661778,410424
261,1,1,7,21,2741,31253,656123,497307
262,1,1,7,22,642,27393,659983,437646
263,1,1,7,23,1104,30839,656537,492320
264,1,1,11,0,-1437,26737,660639,429229
265,1,1,11,1,-1562,28540,658836,458202
266,1,1,11,2,1841,28570,658806,455279
267,1,1,11,3,1843,32735,654641,521917
268,1,1,11,4,-3155,25893,661483,417443
269,1,1,11,5,-4035,28934,658442,466979
270,1,1,11,6,1321,27232,660144,434391
271,1,1,11,7,2287,31711,655665,505089
272,1,1,11,8,-2617,25658,661718,413145
273,1,1,11,9,89,30771,656605,492247
274,1,1,11,10,1816,28380,658996,452264
275,1,1,11,11,-705,30939,656437,495729
276,1,1,11,12,2863,24710,662666,392497
277,1,1,11,13,-2651,31340,656036,504091
278,1,1,11,14,-2460,26865,660511,432300
279,1,1,11,15,490,29257,658119,467622
280,1,1,11,16,232,25603,661773,409416
281,1,1,11,17,-9,30225,657151,483609
282,1,1,11,18,-2939,28920,658456,465659
283,1,1,11,19,5359,29936,657440,473617
284,1,1,11,20,-1305,25580,661796,410585
285,1,1,11,21,1327,30291,657085,483329
286,1,1,11,22,2116,26112,661264,415676
287,1,1,11,23,1291,32437,654939,517701
288,1,1,13,0,-839,26623,660753,426807
289,1,1,13,1,459,32087,655289,512933
290,1,1,13,2,-3399,26919,660457,434103
291,1,1,13,3,1224,28337,659039,452168
292,1,1,13,4,-246,25582,661794,409558
293,1,1,13,5,210,33221,654155,531326
294,1,1,13,6,338,25660,661716,410222
295,1,1,13,7,-3253,29051,658325,468069
296,1,1,13,8,-3611,26666,660710,430267
297,1,1,13,9,3695,32499,654877,516289
298,1,1,13,10,877,26928,660448,429971
299,1,1,13,11,-1948,27773,659603,446316
300,1,1,13,12,2020,26741,660635,425836
301,1,1,13,13,-863,30308,657068,485791
302,1,1,13,14,-156,27020,660356,432476
303,1,1,13,15,3653,31994,655382,508251
304,1,1,13,16,1305,25322,662054,403847
305,1,1,13,17,-1648,30396,656980,487984
306,1,1,13,18,3041,28921,658455,459695
307,1,1,13,19,2434,30071,657305,478702
308,1,1,13,20,-1454,26091,661285,418910
309,1,1,13,21,294,30584,656792,489050
310,1,1,13,22,-1600,27787,659589,446192
311,1,1,13,23,-533,30795,656581,493253
312,1,1,17,0,1939,26653,660723,424509
313,1,1,17,1,1098,30143,657233,481190
314,1,1,17,2,-1565,26570,660806,426685
315,1,1,17,3,3538,28442,658934,451534
316,1,1,17,4,4584,26348,661028,416984
317,1,1,17,5,-3553,31661,655715,510129
318,1,1,17,6,-270,29252,658124,468302
319,1,1,17,7,2022,29468,657908,469466
320,1,1,17,8,-1093,24760,662616,397253
321,1,1,17,9,2307,31829,655547,506957
322,1,1,17,10,-533,26369,661007,422437
323,1,1,17,11,-1714,30366,657010,487570
324,1,1,17,12,-1572,25716,661660,413028
325,1,1,17,13,3648,32406,654970,514848
326,1,1,17,14,2337,27210,660166,433023
327,1,1,17,15,-373,31364,656012,502197
328,1,1,17,16,-2463,25415,661961,409103
329,1,1,17,17,370,31637,655739,505822
330,1,1,17,18,-289,25978,661398,415937
331,1,1,17,19,-3335,29510,657866,475495
332,1,1,17,20,-4220,28133,659243,454348
333,1,1,17,21,-1723,31419,655957,504427
334,1,1,17,22,-579,27856,659520,446275
335,1,1,17,23,1439,28871,658505,460497
336,1,1,19,0,-2857,25687,661689,413849
337,1,1,19,1,-167,29985,657391,479927
338,1,1,19,2,-4778,29507,657869,476890
339,1,1,19,3,2676,30532,656844,485836
340,1,1,19,4,-1142,24561,662815,394118
341,1,1,19,5,-3913,29157,658219,470425
342,1,1,19,6,5525,27443,659933,433563
343,1,1,19,7,-1553,29354,658022,471217
344,1,1,19,8,1043,26174,661202,417741
345,1,1,19,9,2347,29451,657925,468869
346,1,1,19,10,3335,27681,659695,439561
347,1,1,19,11,3143,31506,655870,500953
348,1,1,19,12,-269,26133,661243,418397
349,1,1,19,13,-181,30606,656770,489877
350,1,1,19,14,-4699,25526,661850,413115
351,1,1,19,15,5108,32629,654747,516956
352,1,1,19,16,-2008,26137,661239,420200
353,1,1,19,17,-3662,30100,657276,485262
354,1,1,19,18,2161,28682,658694,456751
355,1,1,19,19,678,31572,655804,504474
356,1,1,19,20,-186,25489,661887,408010
357,1,1,19,21,-1265,30802,656574,494097
358,1,1,19,22,151,27240,660136,435689
359,1,1,19,23,513,31422,655954,502239
360,1,1,23,0,1285,26842,660534,428187
361,1,1,23,1,-1644,30381,656995,487740
362,1,1,23,2,99,27085,660291,433261
363,1,1,23,3,1430,30363,657013,484378
364,1,1,23,4,1162,27057,660319,431750
365,1,1,23,5,-1671,31612,655764,507463
366,1,1,23,6,-1348,28247,659129,453300
367,1,1,23,7,3524,29467,657909,467948
368,1,1,23,8,-44,24464,662912,391468
369,1,1,23,9,-2766,30309,657067,487710
370,1,1,23,10,2313,27403,659973,436135
371,1,1,23,11,-424,33526,653850,536840
372,1,1,23,12,141,24605,662771,393539
373,1,1,23,13,-2569,29499,657877,474553
374,1,1,23,14,-718,28350,659026,454318
375,1,1,23,15,903,31629,655747,505161
376,1,1,23,16,-4085,24439,662937,395109
377,1,1,23,17,-2373,27547,659829,443125
378,1,1,23,18,-270,27905,659471,446750
379,1,1,23,19,4122,32180,655196,510758
380,1,1,23,20,-3878,26774,660602,432262
381,1,1,23,21,4182,30753,656623,487866
382,1,1,23,22,1619,27089,660287,431805
383,1,1,23,23,1010,29850,657526,476590
384,1,2,1,0,-5174,24886,662490,403350
385,1,2,1,1,1249,30845,656531,492271
386,1,2,1,2,2454,26300,661076,418346
387,1,2,1,3,-400,31572,655804,505552
388,1,2,1,4,-446,25766,661610,412702
389,1,2,1,5,2069,31160,656216,496491
390,1,2,1,6,2484,27271,660105,433852
391,1,2,1,7,3277,31645,655731,503043
392,1,2,1,8,5123,26742,660634,422749
393,1,2,1,9,2667,30223,657153,480901
394,1,2,1,10,-1730,25530,661846,410210
395,1,2,1,11,-2670,28802,658574,463502
396,1,2,1,12,-2415,27813,659563,447423
397,1,2,1,13,1226,31825,655551,507974
398,1,2,1,14,-534,27963,659413,447942
399,1,2,1,15,-7275,27841,659535,452731
400,1,2,1,16,-188,25127,662249,402220
401,1,2,1,17,-879,32606,654770,522575
402,1,2,1,18,-2306,27071,660305,435442
403,1,2,1,19,5968,28178,659198,444880
404,1,2,1,20,2752,26758,660618,425376
405,1,2,1,21,1080,32897,654479,525272
406,1,2,1,22,-3556,29085,658291,468916
407,1,2,1,23,-2776,29470,657906,474296
408,1,2,5,0,-5756,25624,661752,415740
409,1,2,5,1,965,31577,655799,504267
410,1,2,5,2,1637,27593,659783,439851
411,1,2,5,3,3115,29457,657919,468197
412,1,2,5,4,2598,25800,661576,410202
413,1,2,5,5,-576,31733,655643,508304
414,1,2,5,6,2573,29008,658368,461555
415,1,2,5,7,-275,30779,656597,492739
416,1,2,5,8,-3120,26555,660821,428000
417,1,2,5,9,352,31668,655708,506336
418,1,2,5,10,985,28952,658424,462247
419,1,2,5,11,-1117,28330,659046,454397
420,1,2,5,12,6628,26758,660618,421500
421,1,2,5,13,1955,30928,656448,492893
422,1,2,5,14,-4141,25997,661379,420093
423,1,2,5,15,1748,30303,657073,483100
424,1,2,5,16,-867,25972,661404,416419
425,1,2,5,17,4415,32016,655360,507841
426,1,2,5,18,-412,26417,660959,423084
427,1,2,5,19,-4631,28025,659351,453031
428,1,2,5,20,169,26383,660993,421959
429,1,2,5,21,301,31634,655742,505843
430,1,2,5,22,-3830,25253,662123,407878
431,1,2,5,23,-2716,30614,656762,492540
432,1,2,7,0,-3349,23496,663880,379285
433,1,2,7,1,1409,30382,656994,484703
434,1,2,7,2,2375,27658,659718,440153
435,1,2,7,3,4016,33366,654010,529840
436,1,2,7,4,1042,24727,662649,394590
437,1,2,7,5,2175,30682,656694,488737
438,1,2,7,6,760,28210,659166,450600
439,1,2,7,7,2611,30431,656945,484285
440,1,2,7,8,-118,25918,661458,414806
441,1,2,7,9,-2943,28901,658475,465359
442,1,2,7,10,-2165,27324,660052,439349
443,1,2,7,11,-249,31823,655553,509417
444,1,2,7,12,-2163,28228,659148,453811
445,1,2,7,13,4276,30657,656719,486236
446,1,2,7,14,5090,28389,658987,449134
447,1,2,7,15,-2170,29379,657997,472234
448,1,2,7,16,-2912,26190,661186,421952
449,1,2,7,17,-4416,28832,658544,465728
450,1,2,7,18,-2659,27107,660269,436371
451,1,2,7,19,3424,31023,656353,492944
452,1,2,7,20,2448,25798,661578,410320
453,1,2,7,21,-2831,30887,656489,497023
454,1,2,7,22,-1885,27267,660109,438157
455,1,2,7,23,-1766,30701,656675,492982
456,1,2,11,0,-3232,26653,660723,429680
457,1,2,11,1,-1399,28637,658739,459591
458,1,2,11,2,-3780,28152,659224,454212
459,1,2,11,3,3339,32872,654504,522613
460,1,2,11,4,1488,26236,661140,418288
461,1,2,11,5,-290,29177,658199,467122
462,1,2,11,6,-420,27014,660362,432644
463,1,2,11,7,4027,31851,655525,505589
464,1,2,11,8,-2562,25685,661691,413522
465,1,2,11,9,96,30825,656551,493104
466,1,2,11,10,354,28295,659081,452366
467,1,2,11,11,-790,30878,656498,494838
468,1,2,11,12,1992,24736,662640,393784
469,1,2,11,13,-1199,31388,655988,503407
470,1,2,11,14,1394,27087,660289,431998
471,1,2,11,15,2961,29354,658022,466703
472,1,2,11,16,-2231,25443,661933,409319
473,1,2,11,17,1342,30303,657073,483506
474,1,2,11,18,4693,29404,657972,465771
475,1,2,11,19,-3415,29433,657943,474343
476,1,2,11,20,-507,25604,661772,410171
477,1,2,11,21,-880,30011,657365,481056
478,1,2,11,22,-725,26003,661373,416773
479,1,2,11,23,-256,32335,655041,517616
480,1,2,13,0,-6936,26232,661144,426648
481,1,2,13,1,-1567,31977,655399,513199
482,1,2,13,2,2227,27282,660094,434285
483,1,2,13,3,-5711,27809,659567,450655
484,1,2,13,4,3004,25828,661548,410244
485,1,2,13,5,-2832,33016,654360,531088
486,1,2,13,6,-1813,25494,661882,409717
487,1,2,13,7,5687,29670,657706,469033
488,1,2,13,8,831,26854,660522,428833
489,1,2,13,9,3277,32534,654842,517267
490,1,2,13,10,-2008,26832,660544,431320
491,1,2,13,11,-480,27850,659526,446080
492,1,2,13,12,-653,26467,660909,424125
493,1,2,13,13,4042,30693,656683,487046
494,1,2,13,14,-307,26981,660395,432003
495,1,2,13,15,-1964,31604,655772,507628
496,1,2,13,16,-3638,25065,662311,404678
497,1,2,13,17,4022,30750,656626,487978
498,1,2,13,18,1991,28848,658528,459577
499,1,2,13,19,3558,30153,657223,478890
500,1,2,13,20,7044,26646,660730,419292
501,1,2,13,21,470,30586,656790,488906
502,1,2,13,22,-3278,27783,659593,447806
503,1,2,13,23,-4966,30422,656954,491718
504,1,2,17,0,-1282,26392,660984,423554
505,1,2,17,1,2798,30300,657076,482002
506,1,2,17,2,103,26693,660683,426985
507,1,2,17,3,4251,28390,658986,449989
508,1,2,17,4,-838,26091,661285,418294
509,1,2,17,5,1689,31972,655404,509863
510,1,2,17,6,223,29367,658009,469649
511,1,2,17,7,-4304,29048,658328,469072
512,1,2,17,8,-1526,24682,662694,396438
513,1,2,17,9,-1911,31597,655779,507463
514,1,2,17,10,-3623,26150,661226,422023
515,1,2,17,11,-751,30406,656970,487247
516,1,2,17,12,2154,25990,661386,413686
517,1,2,17,13,122,32205,655171,515158
518,1,2,17,14,-2607,26897,660479,432959
519,1,2,17,15,612,31370,656006,501308
520,1,2,17,16,2569,25681,661695,408327
521,1,2,17,17,2150,31777,655599,506282
522,1,2,17,18,1938,26058,661318,414990
523,1,2,17,19,-602,29756,657620,476698
524,1,2,17,20,-1425,28256,659120,453521
525,1,2,17,21,2564,31705,655671,504716
526,1,2,17,22,778,28055,659321,448102
527,1,2,17,23,-3082,28538,658838,459690
528,1,2,19,0,-5646,25539,661837,414270
529,1,2,19,1,2781,30279,657097,481683
530,1,2,19,2,2219,29894,657482,476085
531,1,2,19,3,-1980,30265,657111,486220
532,1,2,19,4,684,24717,662659,394788
533,1,2,19,5,-2393,29164,658212,469017
534,1,2,19,6,-1176,26904,660472,431640
535,1,2,19,7,1571,29637,657739,472621
536,1,2,19,8,175,26042,661334,416497
537,1,2,19,9,-2894,29136,658240,469070
538,1,2,19,10,-229,27544,659832,440933
539,1,2,19,11,-3350,31101,656275,500966
540,1,2,19,12,134,26185,661191,418826
541,1,2,19,13,2904,30760,656616,489256
542,1,2,19,14,5246,26153,661223,413202
543,1,2,19,15,3826,32480,654896,515854
544,1,2,19,16,-2554,26200,661176,421754
545,1,2,19,17,152,30350,657026,485448
546,1,2,19,18,-723,28413,658963,455331
547,1,2,19,19,4464,31817,655559,504608
548,1,2,19,20,2155,25674,661702,408629
549,1,2,19,21,-2880,30652,656724,493312
550,1,2,19,22,-3821,27047,660329,436573
551,1,2,19,23,1335,31423,655953,501433
552,1,2,23,0,-4536,26562,660814,429528
553,1,2,23,1,-360,30484,656892,488104
554,1,2,23,2,-804,26985,660391,432564
555,1,2,23,3,4898,30581,656795,484398
556,1,2,23,4,1020,27078,660298,432228
557,1,2,23,5,5164,32117,655259,508708
558,1,2,23,6,6456,28656,658720,452040
559,1,2,23,7,-1822,29136,658240,467998
560,1,2,23,8,-80,24441,662935,391136
561,1,2,23,9,-1478,30268,657108,485766
562,1,2,23,10,538,27342,660034,436934
563,1,2,23,11,-141,33483,653893,535869
564,1,2,23,12,3296,24827,662549,393936
565,1,2,23,13,-2238,29541,657835,474894
566,1,2,23,14,-1582,28254,659122,453646
567,1,2,23,15,1402,31645,655731,504918
568,1,2,23,16,-1763,24601,662775,395379
569,1,2,23,17,-4112,27363,660013,441920
570,1,2,23,18,-2183,27762,659614,446375
571,1,2,23,19,2434,32148,655228,511934
572,1,2,23,20,-2989,26848,660528,432557
573,1,2,23,21,694,30568,656808,488394
574,1,2,23,22,-909,26956,660420,432205
575,1,2,23,23,-905,29730,657646,476585
576,1,3,1,0,-3566,25087,662289,404958
577,1,3,1,1,-4233,30523,656853,492601
578,1,3,1,2,33,26188,661188,418975
579,1,3,1,3,2031,31621,655755,503905
580,1,3,1,4,-772,25750,661626,412772
581,1,3,1,5,3332,31250,656126,496668
582,1,3,1,6,-13,27063,660313,433021
583,1,3,1,7,3697,31622,655754,502255
584,1,3,1,8,130,26452,660924,423102
585,1,3,1,9,-3302,29908,657468,481830
586,1,3,1,10,-1505,25466,661910,408961
587,1,3,1,11,-4458,28762,658614,464650
588,1,3,1,12,2225,28087,659289,447167
589,1,3,1,13,2229,31864,655512,507595
590,1,3,1,14,-1132,27897,659479,447484
591,1,3,1,15,1605,28454,658922,453659
592,1,3,1,16,2102,25262,662114,402090
593,1,3,1,17,-2174,32514,654862,522398
594,1,3,1,18,-2020,27130,660246,436100
595,1,3,1,19,-2378,27553,659823,443226
596,1,3,1,20,2690,26802,660574,426142
597,1,3,1,21,-638,32739,654637,524462
598,1,3,1,22,2150,29419,657957,468554
599,1,3,1,23,3967,29963,657413,475441
600,1,3,5,0,1853,26159,661217,416691
601,1,3,5,1,-674,31454,655922,503938
602,1,3,5,2,-738,27367,660009,438610
603,1,3,5,3,2042,29415,657961,468598
604,1,3,5,4,836,25664,661712,409788
605,1,3,5,5,-1447,31688,655688,508455
606,1,3,5,6,67,28909,658467,462477
607,1,3,5,7,-754,30680,656696,491634
608,1,3,5,8,1416,26846,660530,428120
609,1,3,5,9,2123,31776,655600,506293
610,1,3,5,10,2810,29056,658320,462086
611,1,3,5,11,2272,28570,658806,454848
612,1,3,5,12,-671,26340,661036,422111
613,1,3,5,13,-3934,30566,656810,492990
614,1,3,5,14,-4968,25960,661416,420328
615,1,3,5,15,-864,30078,657298,482112
616,1,3,5,16,1300,26104,661272,416364
617,1,3,5,17,436,31801,655575,508380
618,1,3,5,18,472,26390,660986,421768
619,1,3,5,19,2514,28443,658933,452574
620,1,3,5,20,-1925,26327,661049,423157
621,1,3,5,21,-1290,31513,655863,505498
622,1,3,5,22,-130,25481,661895,407826
623,1,3,5,23,-746,30789,656587,493370
624,1,3,7,0,855,23642,663734,377417
625,1,3,7,1,-1279,30101,657275,482895
626,1,3,7,2,1733,27678,659698,441115
627,1,3,7,3,846,33186,654190,530130
628,1,3,7,4,658,24602,662774,392974
629,1,3,7,5,-1308,30457,656919,488620
630,1,3,7,6,33,28241,659135,451823
631,1,3,7,7,-5945,29914,657462,484569
632,1,3,7,8,-1542,25742,661634,413414
633,1,3,7,9,1454,29123,658253,464514
634,1,3,7,10,2674,27574,659802,438510
635,1,3,7,11,3883,32132,655244,510229
636,1,3,7,12,-3357,28180,659196,454237
637,1,3,7,13,4049,30621,656755,485887
638,1,3,7,14,3676,28366,659010,450180
639,1,3,7,15,-1623,29428,657948,472471
640,1,3,7,16,512,26456,660920,422784
641,1,3,7,17,-278,29193,658183,467366
642,1,3,7,18,-905,27304,660072,437769
643,1,3,7,19,2490,30926,656450,492326
644,1,3,7,20,-2146,25553,661823,410994
645,1,3,7,21,-981,30985,656391,496741
646,1,3,7,22,-1869,27265,660111,438109
647,1,3,7,23,-1630,30707,656669,492942
648,1,3,11,0,1967,27019,660357,430337
649,1,3,11,1,1505,28707,658669,457807
650,1,3,11,2,-1515,28306,659070,454411
651,1,3,11,3,-2206,32499,654877,522190
652,1,3,11,4,-952,26035,661341,417512
653,1,3,11,5,-673,29175,658201,467473
654,1,3,11,6,-825,27047,660329,433577
655,1,3,11,7,1765,31656,655720,504731
656,1,3,11,8,-5198,25519,661857,413502
657,1,3,11,9,-251,30726,656650,491867
658,1,3,11,10,56,28328,659048,453192
659,1,3,11,11,-881,30955,656421,496161
660,1,3,11,12,1421,24622,662754,392531
661,1,3,11,13,-1212,31436,655940,504188
662,1,3,11,14,3346,27260,660116,432814
663,1,3,11,15,2256,29343,658033,467232
664,1,3,11,16,590,25565,661811,408450
665,1,3,11,17,76,30222,657154,483476
666,1,3,11,18,-842,29110,658266,466602
667,1,3,11,19,-4906,29344,658032,474410
668,1,3,11,20,-2848,25415,661961,409488
669,1,3,11,21,2212,30214,657162,481212
670,1,3,11,22,5122,26377,660999,416910
671,1,3,11,23,1993,32496,654880,517943
672,1,3,13,0,303,26734,660642,427441
673,1,3,13,1,1980,32229,655147,513684
674,1,3,13,2,588,27132,660244,433524
675,1,3,13,3,3703,28467,658909,451769
676,1,3,13,4,-1071,25614,661762,410895
677,1,3,13,5,-270,33125,654251,530270
678,1,3,13,6,-1955,25528,661848,410403
679,1,3,13,7,-1954,29107,658269,467666
680,1,3,13,8,1865,26977,660399,429767
681,1,3,13,9,-1523,32163,655213,516131
682,1,3,13,10,2034,27016,660360,430222
683,1,3,13,11,-148,27893,659483,446436
684,1,3,13,12,-1644,26440,660936,424684
685,1,3,13,13,-3984,30158,657218,486512
686,1,3,13,14,-1687,26953,660423,432935
687,1,3,13,15,-67,31608,655768,505795
688,1,3,13,16,2401,25398,661978,403967
689,1,3,13,17,1428,30639,656737,488796
690,1,3,13,18,-78,28665,658711,458718
691,1,3,13,19,3273,30068,657308,477815
692,1,3,13,20,955,26277,661099,419477
693,1,3,13,21,-2417,30484,656892,490161
694,1,3,13,22,-1389,27869,659507,447293
695,1,3,13,23,-343,30832,656544,493655
696,1,3,17,0,-1004,26493,660883,424892
697,1,3,17,1,-5849,29788,657588,482457
698,1,3,17,2,-2323,26487,660889,426115
699,1,3,17,3,214,28073,659303,448954
700,1,3,17,4,3544,26311,661065,417432
701,1,3,17,5,828,31949,655427,510356
702,1,3,17,6,3076,29479,657897,468588
703,1,3,17,7,3216,29489,657887,468608
704,1,3,17,8,1078,24851,662525,396538
705,1,3,17,9,-2021,31617,655759,507893
706,1,3,17,10,1368,26477,660899,422264
707,1,3,17,11,-3563,30229,657147,487227
708,1,3,17,12,2186,26006,661370,413910
709,1,3,17,13,1241,32232,655144,514471
710,1,3,17,14,-3383,26840,660536,432823
711,1,3,17,15,964,31420,655956,501756
712,1,3,17,16,-1408,25457,661919,408720
713,1,3,17,17,-1839,31540,655836,506479
714,1,3,17,18,-2537,25820,661556,415657
715,1,3,17,19,-1456,29634,657742,475600
716,1,3,17,20,-1587,28322,659054,454739
717,1,3,17,21,2854,31672,655704,503898
718,1,3,17,22,1312,28060,659316,447648
719,1,3,17,23,5089,29130,658246,460991
720,1,3,19,0,-2819,25697,661679,413971
721,1,3,19,1,1996,30148,657228,480372
722,1,3,19,2,804,29881,657495,477292
723,1,3,19,3,-1043,30341,657035,486499
724,1,3,19,4,-1907,24520,662856,394227
725,1,3,19,5,-1988,29296,658080,470724
726,1,3,19,6,1326,27148,660228,433042
727,1,3,19,7,328,29528,657848,472120
728,1,3,19,8,-2899,25868,661508,416787
729,1,3,19,9,-1068,29153,658223,467516
730,1,3,19,10,-907,27466,659910,440363
731,1,3,19,11,-3167,31145,656231,501487
732,1,3,19,12,317,26125,661251,417683
733,1,3,19,13,774,30574,656802,488410
734,1,3,19,14,4605,26163,661213,414003
735,1,3,19,15,266,32273,655103,516102
736,1,3,19,16,3077,26538,660838,421531
737,1,3,19,17,402,30354,657022,485262
738,1,3,19,18,-2198,28397,658979,456550
739,1,3,19,19,-3783,31312,656064,504775
740,1,3,19,20,-789,25427,661949,407621
741,1,3,19,21,1541,30955,656421,493739
742,1,3,19,22,1712,27373,660003,436256
743,1,3,19,23,5420,31694,655682,501684
744,1,3,23,0,718,26861,660515,429058
745,1,3,23,1,-3729,30260,657116,487889
746,1,3,23,2,1251,27187,660189,433741
747,1,3,23,3,5172,30644,656732,485132
748,1,3,23,4,-2632,26820,660556,431752
749,1,3,23,5,-3256,31562,655814,508248
750,1,3,23,6,-846,28277,659099,453278
751,1,3,23,7,-3214,29068,658308,468302
752,1,3,23,8,-3163,24199,663177,390347
753,1,3,23,9,967,30322,657054,484185
754,1,3,23,10,3072,27489,659887,436752
755,1,3,23,11,1974,33668,653708,536714
756,1,3,23,12,2670,24780,662596,393810
757,1,3,23,13,4022,29883,657493,474106
758,1,3,23,14,580,28379,658997,453484
759,1,3,23,15,-5122,31198,656178,504290
760,1,3,23,16,2270,24780,662596,394210
761,1,3,23,17,2659,27835,659541,442701
762,1,3,23,18,-821,27880,659496,446901
763,1,3,23,19,73,31932,655444,510839
764,1,3,23,20,-4883,26735,660641,432643
765,1,3,23,21,994,30618,656758,488894
766,1,3,23,22,2106,27216,660160,433350
767,1,3,23,23,-862,29783,657593,477390
768,1,4,1,0,707,25323,662053,404461
769,1,4,1,1,-1105,30695,656681,492225
770,1,4,1,2,-5001,25823,661553,418169
771,1,4,1,3,-2839,31417,655959,505511
772,1,4,1,4,-1550,25662,661714,412142
773,1,4,1,5,2758,31287,656089,497834
774,1,4,1,6,1717,27227,660149,433915
775,1,4,1,7,324,31440,655936,502716
776,1,4,1,8,2276,26598,660778,423292
777,1,4,1,9,-4341,29861,657515,482117
778,1,4,1,10,-1338,25534,661842,409882
779,1,4,1,11,-1347,28906,658470,463843
780,1,4,1,12,1638,28082,659294,447674
781,1,4,1,13,-4589,31401,655975,507005
782,1,4,1,14,1025,28006,659370,447071
783,1,4,1,15,676,28439,658937,454348
784,1,4,1,16,54,25096,662280,401482
785,1,4,1,17,-708,32627,654749,522740
786,1,4,1,18,2271,27414,659962,436353
787,1,4,1,19,-1173,27602,659774,442805
788,1,4,1,20,3986,26787,660589,424606
789,1,4,1,21,4312,33085,654291,525048
790,1,4,1,22,195,29301,658075,468621
791,1,4,1,23,2052,29763,657613,474156
792,1,4,5,0,2477,26150,661226,415923
793,1,4,5,1,1374,31567,655809,503698
794,1,4,5,2,62,27436,659940,438914
795,1,4,5,3,-1032,29222,658154,468584
796,1,4,5,4,1803,25675,661701,408997
797,1,4,5,5,-196,31735,655641,507956
798,1,4,5,6,-2176,28708,658668,461504
799,1,4,5,7,1221,30784,656592,491323
800,1,4,5,8,24,26724,660652,427560
801,1,4,5,9,-25,31690,655686,507065
802,1,4,5,10,-3949,28630,658746,462029
803,1,4,5,11,-2864,28185,659191,453824
804,1,4,5,12,-18,26400,660976,422418
805,1,4,5,13,-3287,30590,656786,492727
806,1,4,5,14,-437,26280,661096,420917
807,1,4,5,15,287,30172,657204,482465
808,1,4,5,16,-1176,25949,661427,416360
809,1,4,5,17,907,31846,655530,508629
810,1,4,5,18,2047,26539,660837,422577
811,1,4,5,19,1381,28411,658965,453195
812,1,4,5,20,4001,26650,660726,422399
813,1,4,5,21,-2446,31528,655848,506894
814,1,4,5,22,3322,25712,661664,408070
815,1,4,5,23,-1300,30793,656583,493988
816,1,4,7,0,622,23705,663671,378658
817,1,4,7,1,-4087,30000,657376,484087
818,1,4,7,2,2838,27673,659703,439930
819,1,4,7,3,-815,33041,654335,529471
820,1,4,7,4,-1377,24493,662883,393265
821,1,4,7,5,-211,30476,656900,487827
822,1,4,7,6,4284,28481,658895,451412
823,1,4,7,7,-3198,30073,657303,484366
824,1,4,7,8,585,26008,661368,415543
825,1,4,7,9,-1208,29038,658338,465816
826,1,4,7,10,1531,27583,659793,439797
827,1,4,7,11,-607,31930,655446,511487
828,1,4,7,12,1303,28451,658925,453913
829,1,4,7,13,-1066,30259,657117,485210
830,1,4,7,14,-4013,27821,659555,449149
831,1,4,7,15,-77,29639,657737,474301
832,1,4,7,16,152,26331,661045,421144
833,1,4,7,17,7513,29616,657760,466343
834,1,4,7,18,124,27409,659967,438420
835,1,4,7,19,1808,30806,656570,491088
836,1,4,7,20,2876,25712,661664,408516
837,1,4,7,21,-92,31084,656292,497436
838,1,4,7,22,-2945,27186,660190,437921
839,1,4,7,23,-3940,30561,656815,492916
840,1,4,11,0,-626,26846,660530,430162
841,1,4,11,1,-1020,28530,658846,457500
842,1,4,11,2,-198,28417,658959,454870
843,1,4,11,3,-6117,32351,655025,523733
844,1,4,11,4,-3757,25837,661539,417149
845,1,4,11,5,-2429,28995,658381,466349
846,1,4,11,6,-24,27069,660307,433128
847,1,4,11,7,1655,31675,655701,505145
848,1,4,11,8,412,25798,661578,412356
849,1,4,11,9,-2300,30622,656754,492252
850,1,4,11,10,4744,28582,658794,452568
851,1,4,11,11,-369,31040,656336,497009
852,1,4,11,12,1655,24600,662776,391945
853,1,4,11,13,2438,31665,655711,504202
854,1,4,11,14,-1740,26894,660482,432044
855,1,4,11,15,1295,29279,658097,467169
856,1,4,11,16,1301,25638,661738,408907
857,1,4,11,17,254,30301,657075,484562
858,1,4,11,18,1325,29282,658094,467187
859,1,4,11,19,-2384,29482,657894,474096
860,1,4,11,20,5176,25981,661395,410520
861,1,4,11,21,3906,30360,657016,481854
862,1,4,11,22,-2288,25909,661467,416832
863,1,4,11,23,-909,32223,655153,516477
864,1,4,13,0,551,26676,660700,426265
865,1,4,13,1,-588,32012,655364,512780
866,1,4,13,2,-2940,26889,660487,433164
867,1,4,13,3,-836,28237,659139,452628
868,1,4,13,4,-1836,25502,661874,409868
869,1,4,13,5,2519,33340,654036,530921
870,1,4,13,6,-1085,25573,661803,410253
871,1,4,13,7,1148,29306,658070,467748
872,1,4,13,8,434,26891,660485,429822
873,1,4,13,9,3313,32517,654859,516959
874,1,4,13,10,-3973,26648,660728,430341
875,1,4,13,11,318,27845,659531,445202
876,1,4,13,12,1794,26729,660647,425870
877,1,4,13,13,-5106,30084,657292,486450
878,1,4,13,14,-1036,26940,660436,432076
879,1,4,13,15,-1327,31619,655757,507231
880,1,4,13,16,340,25256,662120,403756
881,1,4,13,17,-469,30574,656802,489653
882,1,4,13,18,5073,29068,658308,460015
883,1,4,13,19,-1997,29736,657640,477773
884,1,4,13,20,5828,26494,660882,418076
885,1,4,13,21,-3342,30429,656947,490206
886,1,4,13,22,2830,28187,659189,448162
887,1,4,13,23,387,30824,656552,492797
888,1,4,17,0,1708,26673,660703,425060
889,1,4,17,1,-2748,29928,657448,481596
890,1,4,17,2,-2813,26472,660904,426365
891,1,4,17,3,1007,28175,659201,449793
892,1,4,17,4,794,26121,661255,417142
893,1,4,17,5,3046,32117,655259,510826
894,1,4,17,6,-1273,29215,658161,468713
895,1,4,17,7,6228,29745,657631,469692
896,1,4,17,8,1496,24841,662535,395960
897,1,4,17,9,-1071,31791,655585,509727
898,1,4,17,10,-2399,26267,661109,422671
899,1,4,17,11,-2740,30300,657076,487540
900,1,4,17,12,751,25877,661499,413281
901,1,4,17,13,835,32229,655147,514829
902,1,4,17,14,2438,27244,660132,433466
903,1,4,17,15,-1752,31219,656157,501256
904,1,4,17,16,-167,25503,661873,408215
905,1,4,17,17,-2335,31464,655912,505759
906,1,4,17,18,1144,26032,661344,415368
907,1,4,17,19,-3626,29450,657926,474826
908,1,4,17,20,2529,28533,658843,453999
909,1,4,17,21,-1400,31427,655949,504232
910,1,4,17,22,1772,28075,659301,447428
911,1,4,17,23,-1424,28678,658698,460272
912,1,4,19,0,-226,25867,661509,414098
913,1,4,19,1,-4645,29754,657622,480709
914,1,4,19,2,2114,29888,657488,476094
915,1,4,19,3,-1749,30333,657043,487077
916,1,4,19,4,448,24615,662761,393392
917,1,4,19,5,6130,29723,657653,469438
918,1,4,19,6,1448,27134,660242,432696
919,1,4,19,7,3395,29576,657800,469821
920,1,4,19,8,2986,26206,661170,416310
921,1,4,19,9,407,29330,658046,468873
922,1,4,19,10,797,27637,659739,441395
923,1,4,19,11,-2336,31237,656139,502128
924,1,4,19,12,2151,26289,661087,418473
925,1,4,19,13,-508,30505,656871,488588
926,1,4,19,14,-3289,25606,661770,412985
927,1,4,19,15,857,32347,655029,516695
928,1,4,19,16,-1673,26209,661167,421017
929,1,4,19,17,1172,30369,657007,484732
930,1,4,19,18,2960,28756,658620,457136
931,1,4,19,19,-4785,31303,656073,505633
932,1,4,19,20,475,25514,661862,407749
933,1,4,19,21,-1707,30792,656584,494379
934,1,4,19,22,-2211,27132,660244,436323
935,1,4,19,23,-2211,31254,656122,502275
936,1,4,23,0,1115,26929,660447,429749
937,1,4,23,1,3827,30763,656613,488381
938,1,4,23,2,1008,27156,660220,433488
939,1,4,23,3,2635,30480,656896,485045
940,1,4,23,4,-49,26944,660432,431153
941,1,4,23,5,1335,31908,655468,509193
942,1,4,23,6,285,28322,659054,452867
943,1,4,23,7,-985,29238,658138,468793
944,1,4,23,8,2651,24584,662792,390693
945,1,4,23,9,1901,30503,656873,486147
946,1,4,23,10,2469,27480,659896,437211
947,1,4,23,11,-2505,33378,653998,536553
948,1,4,23,12,-86,24517,662859,392358
949,1,4,23,13,-2409,29432,657944,473321
950,1,4,23,14,-2946,28155,659221,453426
951,1,4,23,15,-7457,31150,656226,505857
952,1,4,23,16,-2407,24531,662845,394903
953,1,4,23,17,-3510,27388,659988,441718
954,1,4,23,18,1016,28029,659347,447448
955,1,4,23,19,256,31919,655457,510448
956,1,4,23,20,2937,27195,660181,432183
957,1,4,23,21,-295,30479,656897,487959
958,1,4,23,22,-13,27011,660365,432189
959,1,4,23,23,1227,29885,657491,476933
960,1,5,1,0,1642,25300,662076,403158
961,1,5,1,1,-656,30751,656625,492672
962,1,5,1,2,-1127,26083,661293,418455
963,1,5,1,3,3188,31820,655556,505932
964,1,5,1,4,922,25799,661577,411862
965,1,5,1,5,-93,31095,656281,497613
966,1,5,1,6,3112,27305,660071,433768
967,1,5,1,7,5710,31802,655574,503122
968,1,5,1,8,3694,26623,660753,422274
969,1,5,1,9,-60,29985,657391,479820
970,1,5,1,10,-5291,25259,662117,409435
971,1,5,1,11,1928,29161,658215,464648
972,1,5,1,12,-632,27885,659491,446792
973,1,5,1,13,2026,31858,655518,507702
974,1,5,1,14,-1049,27874,659502,447033
975,1,5,1,15,1156,28424,658952,453628
976,1,5,1,16,727,25219,662157,402777
977,1,5,1,17,-3368,32482,654894,523080
978,1,5,1,18,-955,27205,660171,436235
979,1,5,1,19,449,27771,659605,443887
980,1,5,1,20,-4164,26308,661068,425092
981,1,5,1,21,2238,32963,654413,525170
982,1,5,1,22,-5643,28931,658445,468539
983,1,5,1,23,-3754,29473,657903,475322
984,1,5,5,0,3040,26205,661171,416240
985,1,5,5,1,1840,31679,655697,505024
986,1,5,5,2,536,27530,659846,439944
987,1,5,5,3,656,29425,657951,470144
988,1,5,5,4,1977,25733,661643,409751
989,1,5,5,5,-2200,31717,655659,509672
990,1,5,5,6,-1023,28789,658587,461647
991,1,5,5,7,3874,31015,656361,492366
992,1,5,5,8,-2853,26541,660835,427509
993,1,5,5,9,4232,31919,655457,506472
994,1,5,5,10,-2086,28765,658611,462326
995,1,5,5,11,5323,28757,658619,454789
996,1,5,5,12,1099,26365,661011,420741
997,1,5,5,13,474,30801,656575,492342
998,1,5,5,14,-2559,26051,661325,419375
999,1,5,5,15,198,30194,657182,482906
1000,1,5,5,16,-956,25890,661486,415196
1001,1,5,5,17,-480,31684,655692,507424
1002,1,5,5,18,-2949,26252,661124,422981
1003,1,5,5,19,3318,28519,658857,452986
1004,1,5,5,20,-118,26400,660976,422518
1005,1,5,5,21,-3779,31334,656042,505123
1006,1,5,5,22,-2872,25270,662106,407192
1007,1,5,5,23,-4692,30541,656835,493348
1008,1,5,7,0,106,23669,663707,378598
1009,1,5,7,1,2792,30508,656868,485336
1010,1,5,7,2,-2800,27254,660122,438864
1011,1,5,7,3,4217,33426,653950,530599
1012,1,5,7,4,-2687,24501,662875,394703
1013,1,5,7,5,-983,30466,656910,488439
1014,1,5,7,6,2574,28268,659108,449714
1015,1,5,7,7,2225,30465,656911,485215
1016,1,5,7,8,-197,25862,661514,413989
1017,1,5,7,9,953,29136,658240,465223
1018,1,5,7,10,-5144,27022,660354,437496
1019,1,5,7,11,-5754,31602,655774,511386
1020,1,5,7,12,1382,28470,658906,454138
1021,1,5,7,13,1531,30447,656929,485621
1022,1,5,7,14,-467,28102,659274,450099
1023,1,5,7,15,-2285,29382,657994,472397
1024,1,5,7,16,-359,26344,661032,421863
1025,1,5,7,17,2507,29398,657978,467861
1026,1,5,7,18,-895,27288,660088,437503
1027,1,5,7,19,981,30762,656614,491211
1028,1,5,7,20,818,25670,661706,409902
1029,1,5,7,21,3637,31248,656128,496331
1030,1,5,7,22,-1095,27341,660035,438551
1031,1,5,7,23,-1057,30745,656631,492977
1032,1,5,11,0,931,26955,660421,430349
1033,1,5,11,1,1598,28765,658611,458642
1034,1,5,11,2,464,28453,658923,454784
1035,1,5,11,3,-3887,32343,655033,521375
1036,1,5,11,4,1154,26145,661231,417166
1037,1,5,11,5,-1637,29073,658303,466805
1038,1,5,11,6,-3923,26881,660495,434019
1039,1,5,11,7,270,31629,655747,505794
1040,1,5,11,8,-3194,25614,661762,413018
1041,1,5,11,9,-598,30828,656548,493846
1042,1,5,11,10,258,28247,659129,451694
1043,1,5,11,11,1499,31160,656216,497061
1044,1,5,11,12,-1016,24481,662895,392712
1045,1,5,11,13,4944,31815,655561,504096
1046,1,5,11,14,-4199,26692,660684,431271
1047,1,5,11,15,966,29269,658107,467338
1048,1,5,11,16,-747,25558,661818,409675
1049,1,5,11,17,1304,30290,657086,483336
1050,1,5,11,18,4175,29294,658082,464529
1051,1,5,11,19,2694,29805,657571,474186
1052,1,5,11,20,1935,25763,661613,410273
1053,1,5,11,21,4826,30432,656944,482086
1054,1,5,11,22,-4602,25708,661668,415930
1055,1,5,11,23,-3215,32176,655200,518031
1056,1,5,13,0,1035,26661,660715,425541
1057,1,5,13,1,1979,32223,655153,513589
1058,1,5,13,2,-625,27103,660273,434273
1059,1,5,13,3,1671,28362,659014,452121
1060,1,5,13,4,288,25653,661723,410160
1061,1,5,13,5,-2183,33117,654259,532055
1062,1,5,13,6,1547,25714,661662,409877
1063,1,5,13,7,-1516,29152,658224,467948
1064,1,5,13,8,-3165,26610,660766,428925
1065,1,5,13,9,4891,32599,654777,516693
1066,1,5,13,10,-4484,26648,660728,430852
1067,1,5,13,11,-49,27918,659458,446737
1068,1,5,13,12,-25,26524,660852,424409
1069,1,5,13,13,-609,30386,656990,486785
1070,1,5,13,14,-1551,26854,660522,431215
1071,1,5,13,15,2673,31882,655494,507439
1072,1,5,13,16,1361,25365,662011,404479
1073,1,5,13,17,-1278,30460,656916,488638
1074,1,5,13,18,610,28796,658580,460126
1075,1,5,13,19,7675,30421,656955,479061
1076,1,5,13,20,2695,26321,661055,418441
1077,1,5,13,21,-2713,30349,657027,488297
1078,1,5,13,22,-6450,27542,659834,447122
1079,1,5,13,23,-1777,30716,656660,493233
1080,1,5,17,0,1170,26592,660784,424302
1081,1,5,17,1,-951,30038,657338,481559
1082,1,5,17,2,-2063,26511,660865,426239
1083,1,5,17,3,104,28145,659231,450216
1084,1,5,17,4,-3546,25807,661569,416458
1085,1,5,17,5,-642,31881,655495,510738
1086,1,5,17,6,-2169,29224,658152,469753
1087,1,5,17,7,2595,29472,657904,468957
1088,1,5,17,8,326,24734,662642,395418
1089,1,5,17,9,-1095,31660,655716,507655
1090,1,5,17,10,-3507,26219,661157,423011
1091,1,5,17,11,864,30545,656831,487856
1092,1,5,17,12,2969,25978,661398,412679
1093,1,5,17,13,3265,32442,654934,515807
1094,1,5,17,14,40,27070,660306,433080
1095,1,5,17,15,750,31474,655902,502834
1096,1,5,17,16,4567,25816,661560,408489
1097,1,5,17,17,-2038,31520,655856,506358
1098,1,5,17,18,-1803,25817,661559,414875
1099,1,5,17,19,4597,30062,657314,476395
1100,1,5,17,20,-3297,28207,659169,454609
1101,1,5,17,21,1548,31593,655783,503940
1102,1,5,17,22,-1451,27816,659560,446507
1103,1,5,17,23,-233,28753,658623,460281
1104,1,5,19,0,1179,25988,661388,414629
1105,1,5,19,1,2192,30246,657130,481744
1106,1,5,19,2,2385,29901,657475,476031
1107,1,5,19,3,-2492,30228,657148,486140
1108,1,5,19,4,-924,24608,662768,394652
1109,1,5,19,5,2322,29545,657831,470398
1110,1,5,19,6,-635,26973,660403,432203
1111,1,5,19,7,-1284,29405,657971,471764
1112,1,5,19,8,-2067,25902,661474,416499
1113,1,5,19,9,910,29318,658058,468178
1114,1,5,19,10,198,27510,659866,439962
1115,1,5,19,11,-1692,31258,656118,501820
1116,1,5,19,12,309,26151,661225,418107
1117,1,5,19,13,2131,30709,656667,489213
1118,1,5,19,14,-5652,25455,661921,412932
1119,1,5,19,15,4424,32580,654796,516856
1120,1,5,19,16,-2122,26237,661139,421914
1121,1,5,19,17,-798,30319,657057,485902
1122,1,5,19,18,2314,28583,658793,455014
1123,1,5,19,19,4490,31822,655554,504662
1124,1,5,19,20,2688,25630,661746,407392
1125,1,5,19,21,3680,31066,656310,493376
1126,1,5,19,22,-6437,26853,660523,436085
1127,1,5,19,23,-5119,31089,656287,502543
1128,1,5,23,0,2023,26912,660464,428569
1129,1,5,23,1,4271,30816,656560,488785
1130,1,5,23,2,-2959,26858,660518,432687
1131,1,5,23,3,1934,30392,656984,484338
1132,1,5,23,4,791,27007,660369,431321
1133,1,5,23,5,552,31779,655597,507912
1134,1,5,23,6,2831,28486,658890,452945
1135,1,5,23,7,2569,29458,657918,468759
1136,1,5,23,8,-2089,24267,663109,390361
1137,1,5,23,9,2866,30642,656734,487406
1138,1,5,23,10,-3301,27017,660359,435573
1139,1,5,23,11,-2885,33422,653954,537637
1140,1,5,23,12,-2108,24524,662852,394492
1141,1,5,23,13,2271,29764,657612,473953
1142,1,5,23,14,-776,28287,659089,453368
1143,1,5,23,15,-4855,31220,656156,504375
1144,1,5,23,16,-384,24696,662680,395520
1145,1,5,23,17,-885,27584,659792,442229
1146,1,5,23,18,-2579,27689,659687,445603
1147,1,5,23,19,395,31976,655400,511221
1148,1,5,23,20,830,27110,660266,432930
1149,1,5,23,21,1362,30618,656758,488526
1150,1,5,23,22,-1043,26938,660438,432051
1151,1,5,23,23,1169,29914,657462,477455
1152,1,6,1,0,-1790,25124,662252,403774
1153,1,6,1,1,989,30827,656549,492243
1154,1,6,1,2,-307,26124,661252,418291
1155,1,6,1,3,-2379,31451,655925,505595
1156,1,6,1,4,663,25818,661558,412425
1157,1,6,1,5,5985,31366,656010,495871
1158,1,6,1,6,-559,27078,660298,433807
1159,1,6,1,7,1103,31460,655916,502257
1160,1,6,1,8,1696,26544,660832,423008
1161,1,6,1,9,504,30098,657278,481064
1162,1,6,1,10,144,25638,661738,410064
1163,1,6,1,11,-398,28888,658488,462606
1164,1,6,1,12,1762,28076,659300,447454
1165,1,6,1,13,2241,31860,655516,507519
1166,1,6,1,14,483,28043,659333,448205
1167,1,6,1,15,-4562,28099,659277,454146
1168,1,6,1,16,-2002,24960,662416,401362
1169,1,6,1,17,-804,32579,654797,522068
1170,1,6,1,18,1885,27470,659906,437635
1171,1,6,1,19,-825,27759,659617,444969
1172,1,6,1,20,-13,26572,660804,425165
1173,1,6,1,21,-1871,32706,654670,525167
1174,1,6,1,22,1306,29372,658004,468646
1175,1,6,1,23,-3251,29464,657912,474675
1176,1,6,5,0,-784,25873,661503,414752
1177,1,6,5,1,-799,31423,655953,503567
1178,1,6,5,2,-613,27473,659903,440181
1179,1,6,5,3,-3066,29079,658297,468330
1180,1,6,5,4,671,25661,661715,409905
1181,1,6,5,5,3977,32121,655255,509959
1182,1,6,5,6,3757,29163,658213,462851
1183,1,6,5,7,-276,30670,656706,490996
1184,1,6,5,8,-2169,26613,660763,427977
1185,1,6,5,9,498,31670,655706,506222
1186,1,6,5,10,1290,28977,658399,462342
1187,1,6,5,11,-1334,28379,658997,455398
1188,1,6,5,12,-409,26286,661090,420985
1189,1,6,5,13,-3137,30550,656826,491937
1190,1,6,5,14,-3937,26064,661312,420961
1191,1,6,5,15,-471,30149,657227,482855
1192,1,6,5,16,2728,26185,661191,416232
1193,1,6,5,17,3967,31939,655437,507057
1194,1,6,5,18,4758,26752,660624,423274
1195,1,6,5,19,-3743,28058,659318,452671
1196,1,6,5,20,279,26476,660900,423337
1197,1,6,5,21,2538,31733,655643,505190
1198,1,6,5,22,-2303,25296,662080,407039
1199,1,6,5,23,-1422,30786,656590,493998
1200,1,6,7,0,898,23754,663622,379166
1201,1,6,7,1,-3677,30027,657349,484109
1202,1,6,7,2,-1167,27438,659938,440175
1203,1,6,7,3,-1265,33031,654345,529761
1204,1,6,7,4,-907,24533,662843,393435
1205,1,6,7,5,919,30486,656890,486857
1206,1,6,7,6,1196,28287,659089,451396
1207,1,6,7,7,2348,30365,657011,483492
1208,1,6,7,8,-457,25923,661453,415225
1209,1,6,7,9,-3201,28958,658418,466529
1210,1,6,7,10,2795,27616,659760,439061
1211,1,6,7,11,1727,31964,655412,509697
1212,1,6,7,12,484,28403,658973,453964
1213,1,6,7,13,198,30413,656963,486410
1214,1,6,7,14,3319,28251,659125,448697
1215,1,6,7,15,-948,29566,657810,474004
1216,1,6,7,16,1126,26431,660945,421770
1217,1,6,7,17,107,29163,658213,466501
1218,1,6,7,18,-1280,27304,660072,438144
1219,1,6,7,19,4639,31101,656275,492977
1220,1,6,7,20,164,25671,661705,410572
1221,1,6,7,21,-2894,30799,656577,495678
1222,1,6,7,22,-2903,27208,660168,438231
1223,1,6,7,23,-1221,30684,656692,492165
1224,1,6,11,0,605,26907,660469,429907
1225,1,6,11,1,-3852,28293,659083,456540
1226,1,6,11,2,-688,28413,658963,455296
1227,1,6,11,3,158,32628,654748,521890
1228,1,6,11,4,-1260,26034,661342,417804
1229,1,6,11,5,333,29257,658119,467779
1230,1,6,11,6,1941,27199,660177,433243
1231,1,6,11,7,-138,31555,655821,505018
1232,1,6,11,8,-491,25826,661550,413707
1233,1,6,11,9,-1345,30638,656738,491553
1234,1,6,11,10,466,28274,659102,451918
1235,1,6,11,11,2216,31193,656183,496872
1236,1,6,11,12,2125,24654,662722,392339
1237,1,6,11,13,-1915,31382,655994,504027
1238,1,6,11,14,-3206,26804,660572,432070
1239,1,6,11,15,3514,29402,657974,466918
1240,1,6,11,16,2384,25711,661665,408992
1241,1,6,11,17,1059,30313,657063,483949
1242,1,6,11,18,2651,29314,658062,466373
1243,1,6,11,19,-2050,29471,657905,473586
1244,1,6,11,20,-2055,25583,661793,411383
1245,1,6,11,21,-2828,29963,657413,482236
1246,1,6,11,22,796,26100,661276,416804
1247,1,6,11,23,1580,32462,654914,517812
1248,1,6,13,0,-2042,26520,660856,426362
1249,1,6,13,1,1719,32189,655187,513305
1250,1,6,13,2,2681,27269,660107,433623
1251,1,6,13,3,-6904,27843,659533,452392
1252,1,6,13,4,-2158,25510,661866,410318
1253,1,6,13,5,1973,33279,654097,530491
1254,1,6,13,6,-565,25587,661789,409957
1255,1,6,13,7,-2540,29167,658209,469212
1256,1,6,13,8,998,26883,660493,429130
1257,1,6,13,9,-1261,32177,655199,516093
1258,1,6,13,10,863,26972,660404,430689
1259,1,6,13,11,-4057,27621,659755,445993
1260,1,6,13,12,2014,26680,660696,424866
1261,1,6,13,13,1511,30498,656878,486457
1262,1,6,13,14,-2505,26898,660478,432873
1263,1,6,13,15,-37,31707,655669,507349
1264,1,6,13,16,819,25268,662108,403469
1265,1,6,13,17,3208,30666,656710,487448
1266,1,6,13,18,1891,28961,658415,461485
1267,1,6,13,19,2818,30052,657324,478014
1268,1,6,13,20,685,26233,661143,419043
1269,1,6,13,21,-106,30627,656749,490138
1270,1,6,13,22,587,28038,659338,448021
1271,1,6,13,23,408,30731,656645,491288
1272,1,6,17,0,-157,26415,660961,422797
1273,1,6,17,1,-5094,29729,657647,480758
1274,1,6,17,2,-3956,26447,660929,427108
1275,1,6,17,3,739,28183,659193,450189
1276,1,6,17,4,3868,26348,661028,417700
1277,1,6,17,5,4743,32149,655227,509641
1278,1,6,17,6,3115,29563,657813,469893
1279,1,6,17,7,-2378,29162,658214,468970
1280,1,6,17,8,-1470,24715,662661,396910
1281,1,6,17,9,2582,31864,655512,507242
1282,1,6,17,10,278,26433,660943,422650
1283,1,6,17,11,-2700,30349,657027,488284
1284,1,6,17,12,-1036,25744,661632,412940
1285,1,6,17,13,1158,32244,655132,514746
1286,1,6,17,14,-594,27090,660286,434034
1287,1,6,17,15,-4276,31045,656331,500996
1288,1,6,17,16,-469,25498,661878,408437
1289,1,6,17,17,3201,31911,655465,507375
1290,1,6,17,18,5400,26352,661024,416232
1291,1,6,17,19,-1641,29566,657810,474697
1292,1,6,17,20,-420,28374,659002,454404
1293,1,6,17,21,454,31539,655837,504170
1294,1,6,17,22,-1291,27840,659536,446731
1295,1,6,17,23,-56,28816,658560,461112
1296,1,6,19,0,278,25901,661475,414138
1297,1,6,19,1,-740,30014,657362,480964
1298,1,6,19,2,2661,29929,657447,476203
1299,1,6,19,3,-1094,30380,656996,487174
1300,1,6,19,4,-470,24561,662815,393446
1301,1,6,19,5,626,29409,657967,469918
1302,1,6,19,6,-578,27033,660343,433106
1303,1,6,19,7,3014,29695,657681,472106
1304,1,6,19,8,1531,26140,661236,416709
1305,1,6,19,9,-3798,28990,658386,467638
1306,1,6,19,10,-726,27514,659862,440950
1307,1,6,19,11,-2555,31141,656235,500811
1308,1,6,19,12,1104,26256,661120,418992
1309,1,6,19,13,-2739,30426,656950,489555
1310,1,6,19,14,-509,25760,661616,412669
1311,1,6,19,15,-1119,32217,655159,516591
1312,1,6,19,16,689,26403,660973,421759
1313,1,6,19,17,400,30240,657136,483440
1314,1,6,19,18,494,28558,658818,456434
1315,1,6,19,19,3973,31771,655605,504363
1316,1,6,19,20,-1824,25454,661922,409088
1317,1,6,19,21,-2297,30767,656609,494569
1318,1,6,19,22,618,27310,660066,436342
1319,1,6,19,23,3061,31507,655869,501051
1320,1,6,23,0,2133,26983,660393,429595
1321,1,6,23,1,-3424,30325,657051,488624
1322,1,6,23,2,-4165,26837,660539,433557
1323,1,6,23,3,2146,30434,656942,484798
1324,1,6,23,4,-70,26974,660402,431654
1325,1,6,23,5,1933,31933,655443,508995
1326,1,6,23,6,508,28309,659067,452436
1327,1,6,23,7,-4731,28965,658411,468171
1328,1,6,23,8,-1760,24354,663022,391424
1329,1,6,23,9,-2806,30186,657190,485782
1330,1,6,23,10,429,27317,660059,436643
1331,1,6,23,11,412,33601,653775,537204
1332,1,6,23,12,597,24578,662798,392651
1333,1,6,23,13,-2343,29350,658026,471943
1334,1,6,23,14,271,28380,658996,453809
1335,1,6,23,15,1526,31596,655780,504010
1336,1,6,23,16,1194,24771,662605,395142
1337,1,6,23,17,-541,27637,659739,442733
1338,1,6,23,18,4084,28204,659172,447180
1339,1,6,23,19,2543,32061,655315,510433
1340,1,6,23,20,-786,27055,660321,433666
1341,1,6,23,21,-1367,30415,656961,488007
1342,1,6,23,22,833,27057,660319,432079
1343,1,6,23,23,3384,30054,657322,477480
1344,1,7,1,0,611,25292,662084,404061
1345,1,7,1,1,-1765,30693,656683,492853
1346,1,7,1,2,-4096,25945,661431,419216
1347,1,7,1,3,-1210,31472,655904,504762
1348,1,7,1,4,1000,25840,661536,412440
1349,1,7,1,5,2718,31180,656196,496162
1350,1,7,1,6,-5376,26793,660583,434064
1351,1,7,1,7,796,31404,655972,501668
1352,1,7,1,8,-1411,26353,661023,423059
1353,1,7,1,9,-2981,29868,657508,480869
1354,1,7,1,10,2022,25713,661663,409386
1355,1,7,1,11,5630,29356,658020,464066
1356,1,7,1,12,-4186,27738,659638,447994
1357,1,7,1,13,31,31647,655729,506321
1358,1,7,1,14,-882,27952,659424,448114
1359,1,7,1,15,1073,28482,658894,454639
1360,1,7,1,16,2797,25319,662057,402307
1361,1,7,1,17,616,32732,654644,523096
1362,1,7,1,18,-3944,26945,660431,435064
1363,1,7,1,19,1804,27813,659563,443204
1364,1,7,1,20,1651,26740,660636,426189
1365,1,7,1,21,1324,32833,654543,524004
1366,1,7,1,22,4240,29543,657833,468448
1367,1,7,1,23,-462,29723,657653,476030
1368,1,7,5,0,-256,25991,661385,416112
1369,1,7,5,1,76,31480,655896,503604
1370,1,7,5,2,-987,27397,659979,439339
1371,1,7,5,3,5060,29653,657723,469388
1372,1,7,5,4,1827,25763,661613,410381
1373,1,7,5,5,416,31801,655575,508400
1374,1,7,5,6,-1017,28856,658520,462713
1375,1,7,5,7,1258,30804,656572,491606
1376,1,7,5,8,596,26743,660633,427292
1377,1,7,5,9,1239,31708,655668,506089
1378,1,7,5,10,-5307,28521,658855,461643
1379,1,7,5,11,1278,28480,658896,454402
1380,1,7,5,12,523,26390,660986,421717
1381,1,7,5,13,-2566,30606,656770,492262
1382,1,7,5,14,164,26249,661127,419820
1383,1,7,5,15,-698,30143,657233,482986
1384,1,7,5,16,-3258,25882,661494,417370
1385,1,7,5,17,3265,31902,655474,507167
1386,1,7,5,18,-2672,26210,661166,422032
1387,1,7,5,19,-1051,28237,659139,452843
1388,1,7,5,20,1030,26513,660863,423178
1389,1,7,5,21,-2487,31456,655920,505783
1390,1,7,5,22,1783,25658,661718,408745
1391,1,7,5,23,1784,30933,656443,493144
1392,1,7,7,0,-3884,23433,663943,378812
1393,1,7,7,1,-906,30132,657244,483018
1394,1,7,7,2,-1702,27448,659928,440870
1395,1,7,7,3,906,33125,654251,529094
1396,1,7,7,4,1289,24651,662725,393127
1397,1,7,7,5,3202,30800,656576,489598
1398,1,7,7,6,-3870,27880,659496,449950
1399,1,7,7,7,-2915,30108,657268,484643
1400,1,7,7,8,1011,26013,661363,415197
1401,1,7,7,9,339,29106,658270,465357
1402,1,7,7,10,3994,27643,659733,438294
1403,1,7,7,11,4363,32182,655194,510549
1404,1,7,7,12,-4981,28003,659373,453029
1405,1,7,7,13,692,30372,657004,485260
1406,1,7,7,14,-3565,27913,659463,450173
1407,1,7,7,15,-2862,29335,658041,472222
1408,1,7,7,16,4832,26717,660659,422640
1409,1,7,7,17,2380,29308,658068,466548
1410,1,7,7,18,-160,27452,659924,439392
1411,1,7,7,19,3995,30945,656431,491125
1412,1,7,7,20,-482,25616,661760,410338
1413,1,7,7,21,-177,31089,656287,497601
1414,1,7,7,22,-56,27404,659972,438520
1415,1,7,7,23,-1443,30701,656675,492659
1416,1,7,11,0,-2031,26729,660647,429695
1417,1,7,11,1,2204,28765,658611,458036
1418,1,7,11,2,-960,28338,659038,454368
1419,1,7,11,3,3830,32905,654471,522650
1420,1,7,11,4,-1615,26017,661359,417887
1421,1,7,11,5,3646,29453,657923,467602
1422,1,7,11,6,-2969,26937,660439,433961
1423,1,7,11,7,-1599,31428,655948,504447
1424,1,7,11,8,-629,25801,661575,413445
1425,1,7,11,9,-561,30773,656603,492929
1426,1,7,11,10,1353,28464,658912,454071
1427,1,7,11,11,-2506,30825,656551,495706
1428,1,7,11,12,1524,24666,662710,393132
1429,1,7,11,13,828,31547,655829,503924
1430,1,7,11,14,-593,26937,660439,431585
1431,1,7,11,15,1451,29264,658112,466773
1432,1,7,11,16,-2449,25394,661982,408753
1433,1,7,11,17,1019,30251,657125,482997
1434,1,7,11,18,54,29115,658261,465786
1435,1,7,11,19,-3716,29387,657989,473908
1436,1,7,11,20,2985,25826,661550,410231
1437,1,7,11,21,-1606,30018,657358,481894
1438,1,7,11,22,-2244,25949,661427,417428
1439,1,7,11,23,4584,32587,654789,516808
1440,1,7,13,0,-3282,26445,660931,426402
1441,1,7,13,1,3819,32277,655099,512613
1442,1,7,13,2,-4040,26904,660472,434504
1443,1,7,13,3,1932,28408,658968,452596
1444,1,7,13,4,485,25698,661678,410683
1445,1,7,13,5,2087,33335,654041,531273
1446,1,7,13,6,-4349,25420,661956,411069
1447,1,7,13,7,610,29260,658116,467550
1448,1,7,13,8,-2948,26710,660666,430308
1449,1,7,13,9,-486,32236,655140,516262
1450,1,7,13,10,45,26906,660470,430451
1451,1,7,13,11,1365,28005,659371,446715
1452,1,7,13,12,-293,26585,660791,425653
1453,1,7,13,13,-5553,30063,657313,486561
1454,1,7,13,14,-938,26993,660383,432826
1455,1,7,13,15,-2069,31546,655830,506805
1456,1,7,13,16,3312,25461,661915,404064
1457,1,7,13,17,1247,30577,656799,487985
1458,1,7,13,18,-4971,28318,659058,458059
1459,1,7,13,19,1990,29957,657419,477322
1460,1,7,13,20,3188,26383,660993,418940
1461,1,7,13,21,-1171,30465,656911,488611
1462,1,7,13,22,6217,28350,659026,447383
1463,1,7,13,23,3803,31074,656302,493381
1464,1,7,17,0,2915,26712,660664,424477
1465,1,7,17,1,-994,30060,657316,481954
1466,1,7,17,2,-1056,26526,660850,425472
1467,1,7,17,3,2168,28234,659142,449576
1468,1,7,17,4,-1860,26072,661304,419012
1469,1,7,17,5,2635,31976,655400,508981
1470,1,7,17,6,-1518,29259,658117,469662
1471,1,7,17,7,-1556,29256,658120,469652
1472,1,7,17,8,-1347,24679,662697,396211
1473,1,7,17,9,-4182,31506,655870,508278
1474,1,7,17,10,-2791,26270,661106,423111
1475,1,7,17,11,2293,30622,656754,487659
1476,1,7,17,12,-2648,25669,661707,413352
1477,1,7,17,13,-1496,32026,655350,513912
1478,1,7,17,14,233,27120,660256,433687
1479,1,7,17,15,2194,31562,655814,502798
1480,1,7,17,16,429,25573,661803,408739
1481,1,7,17,17,1046,31727,655649,506586
1482,1,7,17,18,-2171,25807,661569,415083
1483,1,7,17,19,1763,29785,657591,474797
1484,1,7,17,20,2973,28577,658799,454259
1485,1,7,17,21,2934,31658,655718,503594
1486,1,7,17,22,-733,27909,659467,447277
1487,1,7,17,23,769,28791,658585,459887
1488,1,7,19,0,-7869,25358,662018,413597
1489,1,7,19,1,-2148,29888,657488,480356
1490,1,7,19,2,-2521,29655,657721,477001
1491,1,7,19,3,-1457,30293,657083,486145
1492,1,7,19,4,3772,24880,662496,394308
1493,1,7,19,5,331,29451,657925,470885
1494,1,7,19,6,-2397,26903,660473,432845
1495,1,7,19,7,153,29460,657916,471207
1496,1,7,19,8,411,26078,661298,416837
1497,1,7,19,9,-441,29244,658132,468345
1498,1,7,19,10,4601,27833,659543,440727
1499,1,7,19,11,-1862,31231,656145,501558
1500,1,7,19,12,-996,26078,661298,418244
1501,1,7,19,13,1934,30616,656760,487922
1502,1,7,19,14,-2746,25706,661670,414042
1503,1,7,19,15,-499,32167,655209,515171
1504,1,7,19,16,2349,26488,660888,421459
1505,1,7,19,17,5251,30657,656719,485261
1506,1,7,19,18,-1633,28429,658947,456497
1507,1,7,19,19,927,31593,655783,504561
1508,1,7,19,20,118,25551,661825,408698
1509,1,7,19,21,603,30951,656425,494613
1510,1,7,19,22,-663,27214,660162,436087
1511,1,7,19,23,4782,31652,655724,501650
1512,1,7,23,0,618,26902,660474,429814
1513,1,7,23,1,-1508,30363,657013,487316
1514,1,7,23,2,473,27064,660312,432551
1515,1,7,23,3,5735,30635,656741,484425
1516,1,7,23,4,-4299,26656,660720,430795
1517,1,7,23,5,2177,31933,655443,508751
1518,1,7,23,6,-1640,28194,659182,452744
1519,1,7,23,7,-4449,28984,658392,468193
1520,1,7,23,8,1106,24506,662870,390990
1521,1,7,23,9,833,30412,656964,485759
1522,1,7,23,10,2934,27621,659755,439002
1523,1,7,23,11,4395,33786,653590,536181
1524,1,7,23,12,-1125,24493,662883,393013
1525,1,7,23,13,4540,29949,657427,474644
1526,1,7,23,14,-2026,28211,659165,453402
1527,1,7,23,15,-454,31534,655842,504998
1528,1,7,23,16,235,24755,662621,395845
1529,1,7,23,17,2488,27771,659605,441848
1530,1,7,23,18,-1275,27858,659518,447003
1531,1,7,23,19,-866,31831,655545,510162
1532,1,7,23,20,1250,27121,660255,432686
1533,1,7,23,21,-3000,30379,656997,489064
1534,1,7,23,22,-3825,26792,660584,432497
1535,1,7,23,23,-2317,29626,657750,476333
1536,-1,0,1,0,3515,25470,661906,404005
1537,-1,0,1,1,3121,30979,656397,492543
1538,-1,0,1,2,-2442,26008,661368,418570
1539,-1,0,1,3,-1270,31502,655874,505302
1540,-1,0,1,4,-445,25725,661651,412045
1541,-1,0,1,5,-3326,30827,656549,496558
1542,-1,0,1,6,-4496,26834,660542,433840
1543,-1,0,1,7,-1602,31285,656091,502162
1544,-1,0,1,8,-232,26442,660934,423304
1545,-1,0,1,9,708,30141,657235,481548
1546,-1,0,1,10,758,25666,661710,409898
1547,-1,0,1,11,-550,28938,658438,463558
1548,-1,0,1,12,2444,28131,659245,447652
1549,-1,0,1,13,1740,31770,655606,506580
1550,-1,0,1,14,-502,27985,659391,448262
1551,-1,0,1,15,1969,28600,658776,455631
1552,-1,0,1,16,-2332,24935,662441,401292
1553,-1,0,1,17,-1240,32665,654711,523880
1554,-1,0,1,18,-1215,27167,660209,435887
1555,-1,0,1,19,-113,27743,659633,444001
1556,-1,0,1,20,1188,26595,660781,424332
1557,-1,0,1,21,1869,32878,654498,524179
1558,-1,0,1,22,3435,29494,657882,468469
1559,-1,0,1,23,-982,29596,657780,474518
1560,-1,0,5,0,2671,26140,661236,415569
1561,-1,0,5,1,860,31537,655839,503732
1562,-1,0,5,2,-280,27510,659866,440440
1563,-1,0,5,3,1295,29534,657842,471249
1564,-1,0,5,4,-423,25564,661812,409447
1565,-1,0,5,5,2477,31911,655465,508099
1566,-1,0,5,6,-475,28901,658475,462891
1567,-1,0,5,7,2954,30921,656455,491782
1568,-1,0,5,8,2623,26829,660547,426641
1569,-1,0,5,9,3187,31740,655636,504653
1570,-1,0,5,10,-1608,28758,658618,461736
1571,-1,0,5,11,-1618,28222,659154,453170
1572,-1,0,5,12,-699,26312,661064,421691
1573,-1,0,5,13,511,30843,656533,492977
1574,-1,0,5,14,-1834,26146,661230,420170
1575,-1,0,5,15,-57,30204,657172,483321
1576,-1,0,5,16,2164,26173,661203,416604
1577,-1,0,5,17,-5491,31407,655969,508003
1578,-1,0,5,18,1586,26506,660870,422510
1579,-1,0,5,19,-2957,28128,659248,453005
1580,-1,0,5,20,-2198,26280,661096,422678
1581,-1,0,5,21,1328,31822,655554,507824
1582,-1,0,5,22,-1851,25333,662043,407179
1583,-1,0,5,23,-2165,30655,656721,492645
1584,-1,0,7,0,3143,23832,663544,378169
1585,-1,0,7,1,232,30247,657129,483720
1586,-1,0,7,2,-2647,27369,660007,440551
1587,-1,0,7,3,2187,33215,654161,529253
1588,-1,0,7,4,273,24636,662740,393903
1589,-1,0,7,5,-2623,30366,657010,488479
1590,-1,0,7,6,-2139,28033,659343,450667
1591,-1,0,7,7,-409,30282,657094,484921
1592,-1,0,7,8,2471,26023,661353,413897
1593,-1,0,7,9,-597,29136,658240,466773
1594,-1,0,7,10,1160,27392,659984,437112
1595,-1,0,7,11,-96,31839,655537,509520
1596,-1,0,7,12,-1923,28232,659144,453635
1597,-1,0,7,13,3360,30559,656817,485584
1598,-1,0,7,14,-1555,28009,659367,449699
1599,-1,0,7,15,-342,29595,657781,473862
1600,-1,0,7,16,-1337,26284,661092,421881
1601,-1,0,7,17,-2000,29069,658307,467104
1602,-1,0,7,18,1167,27505,659871,438913
1603,-1,0,7,19,-37,30689,656687,491061
1604,-1,0,7,20,-257,25629,661747,410321
1605,-1,0,7,21,2028,31175,656201,496772
1606,-1,0,7,22,1320,27508,659868,438808
1607,-1,0,7,23,-1379,30752,656624,493411
1608,-1,0,11,0,1042,26895,660481,429278
1609,-1,0,11,1,912,28637,658739,457280
1610,-1,0,11,2,198,28420,658956,454522
1611,-1,0,11,3,-1078,32628,654748,523126
1612,-1,0,11,4,-1993,25920,661456,416713
1613,-1,0,11,5,-624,29126,658250,466640
1614,-1,0,11,6,931,27151,660225,433485
1615,-1,0,11,7,5411,31837,655539,503981
1616,-1,0,11,8,4566,26083,661293,412762
1617,-1,0,11,9,7223,31305,656071,493657
1618,-1,0,11,10,973,28315,659061,452067
1619,-1,0,11,11,-1811,30858,656518,495539
1620,-1,0,11,12,224,24599,662777,393360
1621,-1,0,11,13,-2013,31429,655947,504877
1622,-1,0,11,14,-4232,26723,660653,431800
1623,-1,0,11,15,1143,29265,658111,467097
1624,-1,0,11,16,752,25600,661776,408848
1625,-1,0,11,17,-3563,29953,657423,482811
1626,-1,0,11,18,886,29214,658162,466538
1627,-1,0,11,19,-2942,29526,657850,475358
1628,-1,0,11,20,-2221,25539,661837,410845
1629,-1,0,11,21,-1535,30102,657274,483167
1630,-1,0,11,22,-1450,25993,661383,417338
1631,-1,0,11,23,-799,32258,655118,516927
1632,-1,0,13,0,3506,26860,660516,426254
1633,-1,0,13,1,834,32040,655336,511806
1634,-1,0,13,2,873,27187,660189,434119
1635,-1,0,13,3,148,28333,659043,453180
1636,-1,0,13,4,-2954,25454,661922,410218
1637,-1,0,13,5,2,33234,654142,531742
1638,-1,0,13,6,-2584,25475,661901,410184
1639,-1,0,13,7,346,29291,658085,468310
1640,-1,0,13,8,3775,27076,660300,429441
1641,-1,0,13,9,2290,32386,654990,515886
1642,-1,0,13,10,1952,27061,660315,431024
1643,-1,0,13,11,-1367,27814,659562,446391
1644,-1,0,13,12,2453,26741,660635,425403
1645,-1,0,13,13,4027,30709,656667,487317
1646,-1,0,13,14,-3817,26806,660570,432713
1647,-1,0,13,15,551,31769,655607,507753
1648,-1,0,13,16,177,25206,662170,403119
1649,-1,0,13,17,-4568,30258,657118,488696
1650,-1,0,13,18,-3127,28526,658850,459543
1651,-1,0,13,19,-2061,29737,657639,477853
1652,-1,0,13,20,-2819,25961,661415,418195
1653,-1,0,13,21,287,30633,656743,489841
1654,-1,0,13,22,2241,28099,659277,447343
1655,-1,0,13,23,-165,30720,656656,491685
1656,-1,0,17,0,1478,26576,660800,423738
1657,-1,0,17,1,1189,30245,657131,482731
1658,-1,0,17,2,-524,26584,660792,425868
1659,-1,0,17,3,892,28202,659174,450340
1660,-1,0,17,4,1533,26216,661160,417923
1661,-1,0,17,5,-3965,31589,655787,509389
1662,-1,0,17,6,1572,29445,657931,469548
1663,-1,0,17,7,507,29365,658011,469333
1664,-1,0,17,8,-735,24750,662626,396735
1665,-1,0,17,9,449,31811,655565,508527
1666,-1,0,17,10,-1914,26295,661081,422634
1667,-1,0,17,11,-2315,30297,657079,487067
1668,-1,0,17,12,494,25876,661500,413522
1669,-1,0,17,13,182,32135,655241,513978
1670,-1,0,17,14,-1590,27072,660304,434742
1671,-1,0,17,15,346,31536,655840,504230
1672,-1,0,17,16,208,25521,661855,408128
1673,-1,0,17,17,951,31729,655647,506713
1674,-1,0,17,18,-461,25962,661414,415853
1675,-1,0,17,19,-510,29684,657692,475454
1676,-1,0,17,20,1160,28359,659017,452584
1677,-1,0,17,21,4066,31751,655625,503950
1678,-1,0,17,22,-1545,27796,659580,446281
1679,-1,0,17,23,-1468,28580,658796,458748
1680,-1,0,19,0,2865,26015,661361,413375
1681,-1,0,19,1,6256,30409,656967,480288
1682,-1,0,19,2,-2960,29583,657793,476288
1683,-1,0,19,3,-1993,30296,657080,486729
1684,-1,0,19,4,-1631,24567,662809,394703
1685,-1,0,19,5,-2530,29252,658124,470562
1686,-1,0,19,6,-1156,26985,660391,432916
1687,-1,0,19,7,-86,29401,657975,470502
1688,-1,0,19,8,2928,26210,661166,416432
1689,-1,0,19,9,409,29303,658073,468439
1690,-1,0,19,10,4833,27813,659563,440175
1691,-1,0,19,11,-3478,31146,656230,501814
1692,-1,0,19,12,-1645,26049,661327,418429
1693,-1,0,19,13,-2664,30397,656979,489016
1694,-1,0,19,14,-1242,25795,661581,413962
1695,-1,0,19,15,3838,32514,654862,516386
1696,-1,0,19,16,567,26353,661023,421081
1697,-1,0,19,17,-2093,30183,657193,485021
1698,-1,0,19,18,184,28553,658823,456664
1699,-1,0,19,19,-360,31570,655806,505480
1700,-1,0,19,20,-714,25442,661934,407786
1701,-1,0,19,21,1022,31008,656368,495106
1702,-1,0,19,22,-2353,27087,660289,435745
1703,-1,0,19,23,2003,31445,655931,501117
1704,-1,0,23,0,3549,27033,660343,428979
1705,-1,0,23,1,-1001,30509,656867,489145
1706,-1,0,23,2,-4114,26765,660611,432354
1707,-1,0,23,3,-1026,30209,657167,484370
1708,-1,0,23,4,-845,26939,660437,431869
1709,-1,0,23,5,-2615,31629,655747,508679
1710,-1,0,23,6,-1118,28265,659111,453358
1711,-1,0,23,7,-1102,29273,658103,469470
1712,-1,0,23,8,1124,24525,662851,391276
1713,-1,0,23,9,208,30493,656883,487680
1714,-1,0,23,10,859,27401,659975,437557
1715,-1,0,23,11,-491,33444,653932,535595
1716,-1,0,23,12,-2283,24461,662915,393659
1717,-1,0,23,13,-100,29557,657819,473012
1718,-1,0,23,14,80,28378,658998,453968
1719,-1,0,23,15,1091,31684,655692,505853
1720,-1,0,23,16,-396,24581,662795,393692
1721,-1,0,23,17,-1572,27450,659926,440772
1722,-1,0,23,18,2935,28100,659276,446665
1723,-1,0,23,19,3571,32090,655286,509869
1724,-1,0,23,20,1221,27097,660279,432331
1725,-1,0,23,21,5480,30914,656462,489144
1726,-1,0,23,22,-1336,26907,660469,431848
1727,-1,0,23,23,-2119,29672,657704,476871
1728,-1,1,1,0,1591,25323,662053,403577
1729,-1,1,1,1,3255,30974,656402,492329
1730,-1,1,1,2,642,26227,661149,418990
1731,-1,1,1,3,-530,31586,655790,505906
1732,-1,1,1,4,354,25724,661652,411230
1733,-1,1,1,5,-831,31037,656339,497423
1734,-1,1,1,6,-3264,26912,660464,433856
1735,-1,1,1,7,158,31432,655944,502754
1736,-1,1,1,8,939,26510,660866,423221
1737,-1,1,1,9,-1605,29942,657434,480677
1738,-1,1,1,10,1790,25731,661645,409906
1739,-1,1,1,11,-3759,28799,658577,464543
1740,-1,1,1,12,-1019,27882,659494,447131
1741,-1,1,1,13,-4803,31405,655971,507283
1742,-1,1,1,14,467,28086,659290,448909
1743,-1,1,1,15,-229,28275,659101,452629
1744,-1,1,1,16,1777,25205,662171,401503
1745,-1,1,1,17,-1498,32574,654802,522682
1746,-1,1,1,18,2896,27382,659994,435216
1747,-1,1,1,19,-4109,27489,659887,443933
1748,-1,1,1,20,3099,26752,660624,424933
1749,-1,1,1,21,1148,32834,654542,524196
1750,-1,1,1,22,1838,29433,657943,469090
1751,-1,1,1,23,1693,29862,657514,476099
1752,-1,1,5,0,-725,25950,661426,415925
1753,-1,1,5,1,-1344,31381,655995,503440
1754,-1,1,5,2,4044,27729,659647,439620
1755,-1,1,5,3,-157,29229,658147,467821
1756,-1,1,5,4,3860,25832,661544,409452
1757,-1,1,5,5,-182,31724,655652,507766
1758,-1,1,5,6,-849,28840,658536,462289
1759,-1,1,5,7,-2633,30631,656745,492729
1760,-1,1,5,8,906,26777,660599,427526
1761,-1,1,5,9,-4516,31426,655950,507332
1762,-1,1,5,10,1867,29007,658369,462245
1763,-1,1,5,11,3441,28588,658788,453967
1764,-1,1,5,12,1577,26383,660993,420551
1765,-1,1,5,13,2124,30970,656406,493396
1766,-1,1,5,14,1868,26427,660949,420964
1767,-1,1,5,15,-118,30205,657171,483398
1768,-1,1,5,16,2571,26201,661175,416645
1769,-1,1,5,17,627,31811,655565,508349
1770,-1,1,5,18,-2499,26292,661084,423171
1771,-1,1,5,19,-3448,28180,659196,454328
1772,-1,1,5,20,-1448,26253,661123,421496
1773,-1,1,5,21,-1043,31454,655922,504307
1774,-1,1,5,22,-62,25476,661900,407678
1775,-1,1,5,23,-3861,30610,656766,493621
1776,-1,1,7,0,-3705,23411,663965,378281
1777,-1,1,7,1,-2224,30151,657225,484640
1778,-1,1,7,2,-445,27511,659865,440621
1779,-1,1,7,3,3135,33317,654059,529937
1780,-1,1,7,4,1716,24726,662650,393900
1781,-1,1,7,5,1165,30679,656697,489699
1782,-1,1,7,6,2122,28245,659131,449798
1783,-1,1,7,7,2477,30406,656970,484019
1784,-1,1,7,8,981,26047,661329,415771
1785,-1,1,7,9,-2451,28938,658438,465459
1786,-1,1,7,10,261,27390,659986,437979
1787,-1,1,7,11,-2425,31760,655616,510585
1788,-1,1,7,12,399,28332,659044,452913
1789,-1,1,7,13,-2823,30207,657169,486135
1790,-1,1,7,14,3315,28301,659075,449501
1791,-1,1,7,15,-2536,29356,658020,472232
1792,-1,1,7,16,-85,26324,661052,421269
1793,-1,1,7,17,174,29236,658140,467602
1794,-1,1,7,18,1388,27511,659865,438788
1795,-1,1,7,19,-2929,30536,656840,491505
1796,-1,1,7,20,1296,25716,661660,410160
1797,-1,1,7,21,636,31026,656350,495780
1798,-1,1,7,22,3867,27653,659723,438581
1799,-1,1,7,23,-3309,30597,656779,492861
1800,-1,1,11,0,-2523,26716,660660,429979
1801,-1,1,11,1,570,28698,658678,458598
1802,-1,1,11,2,3458,28698,658678,455710
1803,-1,1,11,3,-3829,32346,655030,521365
1804,-1,1,11,4,3347,26295,661081,417373
1805,-1,1,11,5,1949,29291,658085,466707
1806,-1,1,11,6,342,27117,660259,433530
1807,-1,1,11,7,-543,31556,655820,505439
1808,-1,1,11,8,123,25810,661566,412837
1809,-1,1,11,9,-3681,30569,656807,492785
1810,-1,1,11,10,3591,28531,658845,452905
1811,-1,1,11,11,-4882,30624,656752,494866
1812,-1,1,11,12,-1565,24461,662915,392941
1813,-1,1,11,13,-5037,31257,656119,505149
1814,-1,1,11,14,1820,27038,660338,430788
1815,-1,1,11,15,1340,29244,658132,466564
1816,-1,1,11,16,1251,25634,661742,408893
1817,-1,1,11,17,340,30267,657109,483932
1818,-1,1,11,18,1250,29171,658205,465486
1819,-1,1,11,19,-291,29651,657725,474707
1820,-1,1,11,20,-31,25640,661736,410271
1821,-1,1,11,21,336,30155,657221,482144
1822,-1,1,11,22,47,26056,661320,416849
1823,-1,1,11,23,2618,32551,654825,518198
1824,-1,1,13,0,-530,26623,660753,426498
1825,-1,1,13,1,-2341,31979,655397,514005
1826,-1,1,13,2,2049,27298,660078,434719
1827,-1,1,13,3,-922,28133,659243,451050
1828,-1,1,13,4,614,25628,661748,409434
1829,-1,1,13,5,592,33211,654165,530784
1830,-1,1,13,6,-49,25608,661768,409777
1831,-1,1,13,7,-3273,29090,658286,468713
1832,-1,1,13,8,1765,27004,660372,430299
1833,-1,1,13,9,29,32239,655137,515795
1834,-1,1,13,10,1682,27044,660332,431022
1835,-1,1,13,11,1436,28033,659343,447092
1836,-1,1,13,12,1102,26582,660794,424210
1837,-1,1,13,13,793,30400,656976,485607
1838,-1,1,13,14,-940,27015,660361,433180
1839,-1,1,13,15,163,31728,655648,507485
1840,-1,1,13,16,1517,25301,662075,403299
1841,-1,1,13,17,-2921,30400,656976,489321
1842,-1,1,13,18,-319,28686,658690,459295
1843,-1,1,13,19,-678,29831,657545,477974
1844,-1,1,13,20,2273,26258,661118,417855
1845,-1,1,13,21,-486,30537,656839,489078
1846,-1,1,13,22,1946,28120,659256,447974
1847,-1,1,13,23,-3502,30628,656748,493550
1848,-1,1,17,0,73,26508,660868,424055
1849,-1,1,17,1,-292,30142,657234,482564
1850,-1,1,17,2,2441,26798,660578,426327
1851,-1,1,17,3,-965,28071,659305,450101
1852,-1,1,17,4,992,26175,661201,417808
1853,-1,1,17,5,-53,31913,655463,510661
1854,-1,1,17,6,-2873,29232,658144,470585
1855,-1,1,17,7,-1702,29314,658062,470726
1856,-1,1,17,8,-1205,24672,662704,395957
1857,-1,1,17,9,-54,31726,655650,507670
1858,-1,1,17,10,3362,26642,660734,422910
1859,-1,1,17,11,-3054,30306,657070,487950
1860,-1,1,17,12,779,25825,661551,412421
1861,-1,1,17,13,1072,32209,655167,514272
1862,-1,1,17,14,3471,27358,660018,434257
1863,-1,1,17,15,690,31363,656013,501118
1864,-1,1,17,16,5439,25858,661518,408289
1865,-1,1,17,17,498,31622,655754,505454
1866,-1,1,17,18,-475,25900,661476,414875
1867,-1,1,17,19,-4379,29497,657879,476331
1868,-1,1,17,20,663,28358,659018,453065
1869,-1,1,17,21,-5505,31154,656222,503969
1870,-1,1,17,22,-1557,27841,659535,447013
1871,-1,1,17,23,2634,28892,658484,459638
1872,-1,1,19,0,-808,25769,661607,413112
1873,-1,1,19,1,-2131,29957,657419,481443
1874,-1,1,19,2,2963,30041,657335,477693
1875,-1,1,19,3,-3525,30154,657222,485989
1876,-1,1,19,4,2556,24779,662597,393908
1877,-1,1,19,5,1450,29549,657827,471334
1878,-1,1,19,6,1677,27141,660235,432579
1879,-1,1,19,7,-1669,29373,658003,471637
1880,-1,1,19,8,584,26120,661256,417336
1881,-1,1,19,9,-529,29211,658165,467905
1882,-1,1,19,10,3503,27744,659632,440401
1883,-1,1,19,11,-6694,30898,656478,501062
1884,-1,1,19,12,-2498,25974,661402,418082
1885,-1,1,19,13,-2916,30401,656975,489332
1886,-1,1,19,14,-93,25771,661605,412429
1887,-1,1,19,15,4124,32519,654857,516180
1888,-1,1,19,16,-925,26271,661105,421261
1889,-1,1,19,17,-111,30366,657010,485967
1890,-1,1,19,18,1833,28615,658761,456007
1891,-1,1,19,19,1217,31569,655807,503887
1892,-1,1,19,20,1693,25643,661733,408595
1893,-1,1,19,21,-1286,30753,656623,493334
1894,-1,1,19,22,625,27299,660077,436159
1895,-1,1,19,23,960,31459,655917,502384
1896,-1,1,23,0,-5369,26558,660818,430297
1897,-1,1,23,1,-1753,30481,656895,489449
1898,-1,1,23,2,-929,27025,660351,433329
1899,-1,1,23,3,407,30232,657144,483305
1900,-1,1,23,4,2302,27140,660236,431938
1901,-1,1,23,5,2404,31945,655431,508716
1902,-1,1,23,6,1338,28371,659005,452598
1903,-1,1,23,7,-889,29253,658123,468937
1904,-1,1,23,8,264,24435,662941,390696
1905,-1,1,23,9,-2633,30231,657145,486329
1906,-1,1,23,10,1879,27470,659906,437641
1907,-1,1,23,11,-2681,33427,653949,537513
1908,-1,1,23,12,1281,24619,662757,392623
1909,-1,1,23,13,-2714,29474,657902,474298
1910,-1,1,23,14,6207,28711,658665,453169
1911,-1,1,23,15,-2896,31358,656018,504624
1912,-1,1,23,16,2296,24789,662587,394328
1913,-1,1,23,17,-115,27613,659763,441923
1914,-1,1,23,18,254,27917,659459,446418
1915,-1,1,23,19,55,31954,655422,511209
1916,-1,1,23,20,-172,27015,660361,432412
1917,-1,1,23,21,-712,30493,656883,488600
1918,-1,1,23,22,1759,27117,660259,432113
1919,-1,1,23,23,417,29748,657628,475551
1920,-1,2,1,0,2303,25503,661873,405745
1921,-1,2,1,1,1322,30855,656521,492358
1922,-1,2,1,2,3825,26375,661001,418175
1923,-1,2,1,3,-186,31542,655834,504858
1924,-1,2,1,4,275,25830,661546,413005
1925,-1,2,1,5,225,31055,656321,496655
1926,-1,2,1,6,-1287,27038,660338,433895
1927,-1,2,1,7,-1021,31285,656091,501581
1928,-1,2,1,8,-2858,26318,661058,423946
1929,-1,2,1,9,2252,30235,657141,481508
1930,-1,2,1,10,833,25680,661696,410047
1931,-1,2,1,11,3457,29128,658248,462591
1932,-1,2,1,12,-4120,27711,659665,447496
1933,-1,2,1,13,-1513,31701,655675,508729
1934,-1,2,1,14,1502,28000,659376,446498
1935,-1,2,1,15,-1551,28258,659118,453679
1936,-1,2,1,16,-3176,24968,662408,402664
1937,-1,2,1,17,-7281,32229,655147,522945
1938,-1,2,1,18,3908,27523,659853,436460
1939,-1,2,1,19,867,27813,659563,444141
1940,-1,2,1,20,-114,26519,660857,424418
1941,-1,2,1,21,-366,32699,654677,523550
1942,-1,2,1,22,1539,29382,657994,468573
1943,-1,2,1,23,1165,29729,657647,474499
1944,-1,2,5,0,2196,26212,661164,417196
1945,-1,2,5,1,-2007,31343,656033,503495
1946,-1,2,5,2,-1894,27312,660064,438886
1947,-1,2,5,3,-1171,29143,658233,467459
1948,-1,2,5,4,-4050,25408,661968,410578
1949,-1,2,5,5,-8,31785,655591,508568
1950,-1,2,5,6,1163,28946,658430,461973
1951,-1,2,5,7,2797,30936,656440,492179
1952,-1,2,5,8,-1049,26624,660752,427033
1953,-1,2,5,9,2268,31823,655553,506900
1954,-1,2,5,10,3888,29106,658270,461808
1955,-1,2,5,11,287,28414,658962,454337
1956,-1,2,5,12,-4953,26039,661337,421577
1957,-1,2,5,13,-1033,30764,656612,493257
1958,-1,2,5,14,1901,26379,660997,420163
1959,-1,2,5,15,5533,30533,656843,482995
1960,-1,2,5,16,1945,26231,661145,417751
1961,-1,2,5,17,-1037,31633,655743,507165
1962,-1,2,5,18,6126,26830,660546,423154
1963,-1,2,5,19,-474,28243,659133,452362
1964,-1,2,5,20,-1779,26335,661041,423139
1965,-1,2,5,21,-3544,31426,655950,506360
1966,-1,2,5,22,-864,25425,661951,407664
1967,-1,2,5,23,-4241,30486,656890,492017
1968,-1,2,7,0,-4481,23411,663965,379057
1969,-1,2,7,1,-1542,30179,657197,484406
1970,-1,2,7,2,769,27578,659798,440479
1971,-1,2,7,3,2210,33173,654203,528558
1972,-1,2,7,4,-2136,24507,662869,394248
1973,-1,2,7,5,1038,30549,656827,487746
1974,-1,2,7,6,1744,28348,659028,451824
1975,-1,2,7,7,1707,30417,656959,484965
1976,-1,2,7,8,-75,25876,661500,414091
1977,-1,2,7,9,-3503,28894,658482,465807
1978,-1,2,7,10,-1323,27307,660069,438235
1979,-1,2,7,11,-2782,31631,655745,508878
1980,-1,2,7,12,-1705,28301,659075,454521
1981,-1,2,7,13,-80,30347,657029,485632
1982,-1,2,7,14,1965,28210,659166,449395
1983,-1,2,7,15,1400,29604,657772,472264
1984,-1,2,7,16,3796,26662,660714,422796
1985,-1,2,7,17,3779,29345,658031,465741
1986,-1,2,7,18,5246,27715,659661,438194
1987,-1,2,7,19,-430,30711,656665,491806
1988,-1,2,7,20,-304,25548,661828,409072
1989,-1,2,7,21,42,31063,656313,496966
1990,-1,2,7,22,-866,27384,659992,439010
1991,-1,2,7,23,-4469,30616,656760,494325
1992,-1,2,11,0,-1071,26801,660575,429887
1993,-1,2,11,1,1219,28718,658658,458269
1994,-1,2,11,2,-1625,28295,659081,454345
1995,-1,2,11,3,-871,32591,654785,522327
1996,-1,2,11,4,-1089,26035,661341,417649
1997,-1,2,11,5,-793,29099,658277,466377
1998,-1,2,11,6,6832,27497,659879,433120
1999,-1,2,11,7,-1255,31436,655940,504231
2000,-1,2,11,8,2057,25948,661428,413111
2001,-1,2,11,9,1849,30876,656500,492167
2002,-1,2,11,10,1940,28462,658914,453452
2003,-1,2,11,11,1112,31103,656273,496536
2004,-1,2,11,12,-239,24630,662746,394319
2005,-1,2,11,13,2711,31683,655693,504217
2006,-1,2,11,14,120,27002,660374,431912
2007,-1,2,11,15,1938,29288,658088,466670
2008,-1,2,11,16,-1190,25486,661890,408966
2009,-1,2,11,17,-5422,29831,657545,482718
2010,-1,2,11,18,-990,29099,658277,466574
2011,-1,2,11,19,-3392,29449,657927,474576
2012,-1,2,11,20,-3373,25405,661971,409853
2013,-1,2,11,21,170,30170,657206,482550
2014,-1,2,11,22,1258,26187,661189,417734
2015,-1,2,11,23,104,32285,655091,516456
2016,-1,2,13,0,3933,26984,660392,427811
2017,-1,2,13,1,-204,32114,655262,514028
2018,-1,2,13,2,5232,27387,659989,432960
2019,-1,2,13,3,-2151,28088,659288,451559
2020,-1,2,13,4,-1472,25620,661756,411392
2021,-1,2,13,5,-2984,33031,654345,531480
2022,-1,2,13,6,3234,25825,661551,409966
2023,-1,2,13,7,-76,29278,658098,468524
2024,-1,2,13,8,588,26905,660471,429892
2025,-1,2,13,9,3500,32432,654944,515412
2026,-1,2,13,10,3501,27125,660251,430499
2027,-1,2,13,11,871,27892,659484,445401
2028,-1,2,13,12,-5750,26230,661146,425430
2029,-1,2,13,13,13,30442,656934,487059
2030,-1,2,13,14,95,26988,660388,431713
2031,-1,2,13,15,414,31712,655664,506978
2032,-1,2,13,16,-1429,25178,662198,404277
2033,-1,2,13,17,-4072,30253,657123,488120
2034,-1,2,13,18,-613,28736,658640,460389
2035,-1,2,13,19,-78,29820,657556,477198
2036,-1,2,13,20,-3560,25932,661444,418472
2037,-1,2,13,21,-1614,30502,656874,489646
2038,-1,2,13,22,-1129,27937,659439,448121
2039,-1,2,13,23,3751,30965,656411,491689
2040,-1,2,17,0,-1866,26433,660943,424794
2041,-1,2,17,1,-1846,30055,657321,482726
2042,-1,2,17,2,2619,26834,660542,426725
2043,-1,2,17,3,4746,28389,658987,449478
2044,-1,2,17,4,-1586,26025,661351,417986
2045,-1,2,17,5,-1892,31740,655636,509732
2046,-1,2,17,6,2162,29483,657893,469566
2047,-1,2,17,7,-768,29254,658122,468832
2048,-1,2,17,8,-1346,24742,662634,397218
2049,-1,2,17,9,-2708,31586,655790,508084
2050,-1,2,17,10,820,26451,660925,422396
2051,-1,2,17,11,-3699,30169,657207,486403
2052,-1,2,17,12,-891,25818,661558,413979
2053,-1,2,17,13,-1194,32052,655324,514026
2054,-1,2,17,14,-2612,26857,660519,432324
2055,-1,2,17,15,-384,31287,656089,500976
2056,-1,2,17,16,-519,25614,661762,410343
2057,-1,2,17,17,847,31678,655698,506001
2058,-1,2,17,18,5127,26293,661083,415561
2059,-1,2,17,19,3091,29925,657451,475709
2060,-1,2,17,20,-1482,28217,659159,452954
2061,-1,2,17,21,1432,31663,655713,505176
2062,-1,2,17,22,2204,28080,659296,447076
2063,-1,2,17,23,-255,28731,658645,459951
2064,-1,2,19,0,-3854,25636,661740,414030
2065,-1,2,19,1,-2295,29892,657484,480567
2066,-1,2,19,2,-3385,29561,657815,476361
2067,-1,2,19,3,3476,30562,656814,485516
2068,-1,2,19,4,-3814,24452,662924,395046
2069,-1,2,19,5,2326,29489,657887,469498
2070,-1,2,19,6,4404,27313,660063,432604
2071,-1,2,19,7,1735,29558,657818,471193
2072,-1,2,19,8,-1824,25882,661494,415936
2073,-1,2,19,9,-2550,29128,658248,468598
2074,-1,2,19,10,124,27545,659831,440596
2075,-1,2,19,11,-6169,31011,656365,502345
2076,-1,2,19,12,-2332,26076,661300,419548
2077,-1,2,19,13,673,30634,656742,489471
2078,-1,2,19,14,6119,26227,661149,413513
2079,-1,2,19,15,134,32215,655161,515306
2080,-1,2,19,16,5474,26717,660659,421998
2081,-1,2,19,17,2491,30405,656971,483989
2082,-1,2,19,18,2586,28750,658626,457414
2083,-1,2,19,19,-458,31570,655806,505578
2084,-1,2,19,20,1445,25542,661834,407227
2085,-1,2,19,21,-911,30829,656547,494175
2086,-1,2,19,22,-2313,27146,660230,436649
2087,-1,2,19,23,-1082,31236,656140,500858
2088,-1,2,23,0,1650,27002,660374,430382
2089,-1,2,23,1,1954,30632,656744,488158
2090,-1,2,23,2,-328,26997,660379,432280
2091,-1,2,23,3,19,30218,657158,483469
2092,-1,2,23,4,-1401,26886,660490,431577
2093,-1,2,23,5,-2989,31518,655858,507277
2094,-1,2,23,6,4546,28572,658804,452606
2095,-1,2,23,7,-4386,29008,658368,468514
2096,-1,2,23,8,-1532,24312,663064,390524
2097,-1,2,23,9,6,30374,657002,485978
2098,-1,2,23,10,3724,27579,659797,437540
2099,-1,2,23,11,-760,33420,653956,535480
2100,-1,2,23,12,-2960,24429,662947,393824
2101,-1,2,23,13,1976,29769,657607,474328
2102,-1,2,23,14,-1177,28300,659076,453977
2103,-1,2,23,15,1048,31661,655715,505528
2104,-1,2,23,16,-878,24635,662741,395038
2105,-1,2,23,17,-3226,27412,659964,441818
2106,-1,2,23,18,1296,28024,659352,447088
2107,-1,2,23,19,-261,31877,655499,510293
2108,-1,2,23,20,216,27041,660335,432440
2109,-1,2,23,21,2013,30672,656704,488739
2110,-1,2,23,22,-526,27070,660306,433646
2111,-1,2,23,23,1976,29968,657408,477512
2112,-1,3,1,0,-354,25241,662135,404210
2113,-1,3,1,1,-3611,30605,656771,493291
2114,-1,3,1,2,-714,26099,661277,418298
2115,-1,3,1,3,-3469,31300,656076,504269
2116,-1,3,1,4,5601,26104,661272,412063
2117,-1,3,1,5,1998,31311,656065,498978
2118,-1,3,1,6,-305,27142,660234,434577
2119,-1,3,1,7,1248,31554,655822,503616
2120,-1,3,1,8,-3197,26233,661143,422925
2121,-1,3,1,9,-4854,29826,657550,482070
2122,-1,3,1,10,-3170,25410,661966,409730
2123,-1,3,1,11,602,28997,658379,463350
2124,-1,3,1,12,2991,28161,659215,447585
2125,-1,3,1,13,1005,31779,655597,507459
2126,-1,3,1,14,-380,27972,659404,447932
2127,-1,3,1,15,545,28392,658984,453727
2128,-1,3,1,16,-3625,24837,662539,401017
2129,-1,3,1,17,1414,32748,654628,522554
2130,-1,3,1,18,4237,27467,659909,435235
2131,-1,3,1,19,806,27774,659602,443578
2132,-1,3,1,20,848,26573,660803,424320
2133,-1,3,1,21,672,32913,654463,525936
2134,-1,3,1,22,-1056,29159,658217,467600
2135,-1,3,1,23,2768,29779,657597,473696
2136,-1,3,5,0,-63,25885,661491,414223
2137,-1,3,5,1,709,31637,655739,505483
2138,-1,3,5,2,4241,27780,659596,440239
2139,-1,3,5,3,1410,29434,657942,469534
2140,-1,3,5,4,-2595,25409,661967,409139
2141,-1,3,5,5,1889,31942,655434,509183
2142,-1,3,5,6,4088,29105,658271,461592
2143,-1,3,5,7,2345,30832,656544,490967
2144,-1,3,5,8,1473,26857,660519,428239
2145,-1,3,5,9,-2208,31533,655843,506736
2146,-1,3,5,10,-3451,28618,658758,461339
2147,-1,3,5,11,1274,28446,658930,453862
2148,-1,3,5,12,-1887,26205,661171,421167
2149,-1,3,5,13,816,30876,656500,493200
2150,-1,3,5,14,-5769,25931,661445,420665
2151,-1,3,5,15,-2648,30020,657356,482968
2152,-1,3,5,16,2627,26169,661207,416077
2153,-1,3,5,17,-2683,31607,655769,508395
2154,-1,3,5,18,-156,26352,661024,421788
2155,-1,3,5,19,-1064,28209,659167,452408
2156,-1,3,5,20,2709,26624,660752,423275
2157,-1,3,5,21,-1899,31587,655789,507291
2158,-1,3,5,22,-341,25463,661913,407749
2159,-1,3,5,23,1183,30855,656521,492497
2160,-1,3,7,0,1893,23800,663576,378907
2161,-1,3,7,1,-1921,30200,657176,485121
2162,-1,3,7,2,366,27552,659824,440466
2163,-1,3,7,3,-2005,32986,654390,529781
2164,-1,3,7,4,345,24611,662765,393431
2165,-1,3,7,5,1255,30601,656775,488361
2166,-1,3,7,6,645,28173,659203,450123
2167,-1,3,7,7,-2299,30177,657199,485131
2168,-1,3,7,8,-1553,25783,661593,414081
2169,-1,3,7,9,1513,29195,658181,465607
2170,-1,3,7,10,-33,27350,660026,437633
2171,-1,3,7,11,1729,32070,655306,511391
2172,-1,3,7,12,1516,28447,658929,453636
2173,-1,3,7,13,500,30349,657027,485084
2174,-1,3,7,14,-2523,27873,659503,448491
2175,-1,3,7,15,-2844,29501,657875,474860
2176,-1,3,7,16,-3300,26127,661249,421332
2177,-1,3,7,17,2183,29260,658116,465977
2178,-1,3,7,18,2515,27591,659785,438941
2179,-1,3,7,19,3168,30986,656390,492608
2180,-1,3,7,20,267,25669,661707,410437
2181,-1,3,7,21,-3770,30749,656627,495754
2182,-1,3,7,22,738,27422,659954,438014
2183,-1,3,7,23,1615,30904,656472,492849
2184,-1,3,11,0,-11,26845,660531,429531
2185,-1,3,11,1,1940,28645,658731,456380
2186,-1,3,11,2,-2802,28249,659127,454786
2187,-1,3,11,3,-1308,32603,654773,522956
2188,-1,3,11,4,-1486,26007,661369,417598
2189,-1,3,11,5,-648,29150,658226,467048
2190,-1,3,11,6,-2714,26829,660547,431978
2191,-1,3,11,7,930,31665,655711,505710
2192,-1,3,11,8,449,25857,661519,413263
2193,-1,3,11,9,-5241,30526,656850,493657
2194,-1,3,11,10,-1315,28209,659167,452659
2195,-1,3,11,11,1535,31186,656190,497441
2196,-1,3,11,12,4539,24750,662626,391461
2197,-1,3,11,13,500,31555,655821,504380
2198,-1,3,11,14,5401,27370,660006,432519
2199,-1,3,11,15,296,29231,658145,467400
2200,-1,3,11,16,-3929,25262,662114,408121
2201,-1,3,11,17,2301,30264,657112,481923
2202,-1,3,11,18,168,29123,658253,465800
2203,-1,3,11,19,-564,29689,657687,475588
2204,-1,3,11,20,-394,25716,661660,411850
2205,-1,3,11,21,908,30214,657162,482516
2206,-1,3,11,22,2970,26181,661195,415926
2207,-1,3,11,23,-1525,32250,655126,517525
2208,-1,3,13,0,2496,26826,660550,426720
2209,-1,3,13,1,-1498,31973,655403,513066
2210,-1,3,13,2,-3793,26887,660489,433985
2211,-1,3,13,3,-1501,28157,659219,452013
2212,-1,3,13,4,494,25663,661713,410114
2213,-1,3,13,5,2145,33351,654025,531471
2214,-1,3,13,6,503,25714,661662,410921
2215,-1,3,13,7,1404,29391,657985,468852
2216,-1,3,13,8,59,26807,660569,428853
2217,-1,3,13,9,-3951,32096,655280,517487
2218,-1,3,13,10,998,26968,660408,430490
2219,-1,3,13,11,2471,27995,659381,445449
2220,-1,3,13,12,141,26576,660800,425075
2221,-1,3,13,13,-1108,30411,656965,487684
2222,-1,3,13,14,2699,27184,660192,432245
2223,-1,3,13,15,-1423,31535,655841,505983
2224,-1,3,13,16,1482,25278,662098,402966
2225,-1,3,13,17,1267,30708,656668,490061
2226,-1,3,13,18,3429,28895,658481,458891
2227,-1,3,13,19,650,29937,657439,478342
2228,-1,3,13,20,-2408,25999,661377,418392
2229,-1,3,13,21,-231,30643,656733,490519
2230,-1,3,13,22,-5224,27601,659775,446840
2231,-1,3,13,23,899,30781,656595,491597
2232,-1,3,17,0,-2930,26247,661129,422882
2233,-1,3,17,1,-1511,30059,657317,482455
2234,-1,3,17,2,-341,26652,660724,426773
2235,-1,3,17,3,-1339,28069,659307,450443
2236,-1,3,17,4,2390,26237,661139,417402
2237,-1,3,17,5,1981,32049,655327,510803
2238,-1,3,17,6,3281,29546,657830,469455
2239,-1,3,17,7,1300,29437,657939,469692
2240,-1,3,17,8,-1888,24723,662653,397456
2241,-1,3,17,9,-2765,31620,655756,508685
2242,-1,3,17,10,43,26413,660963,422565
2243,-1,3,17,11,-703,30398,656978,487071
2244,-1,3,17,12,980,25843,661533,412508
2245,-1,3,17,13,3036,32454,654922,516228
2246,-1,3,17,14,-1187,27059,660317,434131
2247,-1,3,17,15,101,31385,655991,502059
2248,-1,3,17,16,-2358,25341,662035,407814
2249,-1,3,17,17,-2775,31500,655876,506775
2250,-1,3,17,18,651,25911,661465,413925
2251,-1,3,17,19,-19,29604,657772,473683
2252,-1,3,17,20,6070,28758,658618,454058
2253,-1,3,17,21,-1342,31500,655876,505342
2254,-1,3,17,22,-3835,27668,659708,446523
2255,-1,3,17,23,3160,28903,658473,459288
2256,-1,3,19,0,-853,25802,661574,413685
2257,-1,3,19,1,-787,29981,657395,480483
2258,-1,3,19,2,-2606,29604,657772,476270
2259,-1,3,19,3,-2176,30410,656966,488736
2260,-1,3,19,4,393,24605,662771,393287
2261,-1,3,19,5,1122,29467,657909,470350
2262,-1,3,19,6,2073,27154,660222,432391
2263,-1,3,19,7,3394,29755,657621,472686
2264,-1,3,19,8,710,26029,661347,415754
2265,-1,3,19,9,-2529,29060,658316,467489
2266,-1,3,19,10,-2430,27367,660009,440302
2267,-1,3,19,11,4364,31660,655716,502196
2268,-1,3,19,12,4262,26445,660931,418858
2269,-1,3,19,13,-634,30568,656808,489722
2270,-1,3,19,14,449,25821,661555,412687
2271,-1,3,19,15,-2673,32077,655299,515905
2272,-1,3,19,16,-3348,26133,661243,421476
2273,-1,3,19,17,2316,30394,656982,483988
2274,-1,3,19,18,1087,28610,658766,456673
2275,-1,3,19,19,-2525,31408,655968,505053
2276,-1,3,19,20,-1996,25423,661953,408764
2277,-1,3,19,21,272,30884,656492,493872
2278,-1,3,19,22,3135,27405,659971,435345
2279,-1,3,19,23,-1020,31314,656062,502044
2280,-1,3,23,0,114,26784,660592,428430
2281,-1,3,23,1,1393,30592,656784,488079
2282,-1,3,23,2,1729,27211,660165,433647
2283,-1,3,23,3,2885,30506,656870,485211
2284,-1,3,23,4,-1960,26818,660558,431048
2285,-1,3,23,5,1073,31746,655630,506863
2286,-1,3,23,6,-2959,28033,659343,451487
2287,-1,3,23,7,-1390,29287,658089,469982
2288,-1,3,23,8,381,24475,662901,391219
2289,-1,3,23,9,-198,30395,656981,486518
2290,-1,3,23,10,706,27363,660013,437102
2291,-1,3,23,11,-1749,33469,653907,537253
2292,-1,3,23,12,4414,24811,662565,392562
2293,-1,3,23,13,1047,29608,657768,472681
2294,-1,3,23,14,870,28408,658968,453658
2295,-1,3,23,15,-3897,31328,656048,505145
2296,-1,3,23,16,-3455,24451,662925,394671
2297,-1,3,23,17,580,27668,659708,442108
2298,-1,3,23,18,413,27919,659457,446291
2299,-1,3,23,19,1756,32067,655309,511316
2300,-1,3,23,20,-326,27098,660278,433894
2301,-1,3,23,21,-4135,30345,657031,489655
2302,-1,3,23,22,949,27027,660349,431483
2303,-1,3,23,23,1759,29967,657409,477713
2304,-1,4,1,0,-3164,25126,662250,405180
2305,-1,4,1,1,-2113,30682,656694,493025
2306,-1,4,1,2,-1817,26007,661369,417929
2307,-1,4,1,3,-2180,31428,655948,505028
2308,-1,4,1,4,-4313,25501,661875,412329
2309,-1,4,1,5,1303,31141,656235,496953
2310,-1,4,1,6,-295,27160,660216,434855
2311,-1,4,1,7,3536,31631,655745,502560
2312,-1,4,1,8,1310,26462,660914,422082
2313,-1,4,1,9,2177,30135,657241,479983
2314,-1,4,1,10,65,25638,661738,410143
2315,-1,4,1,11,2316,29118,658258,463572
2316,-1,4,1,12,-3434,27746,659630,447370
2317,-1,4,1,13,-1292,31658,655718,507820
2318,-1,4,1,14,2272,28177,659199,448560
2319,-1,4,1,15,-1607,28273,659103,453975
2320,-1,4,1,16,1974,25253,662123,402074
2321,-1,4,1,17,325,32706,654670,522971
2322,-1,4,1,18,1370,27337,660039,436022
2323,-1,4,1,19,3866,27974,659402,443718
2324,-1,4,1,20,52,26527,660849,424380
2325,-1,4,1,21,2788,32952,654424,524444
2326,-1,4,1,22,-1298,29191,658185,468354
2327,-1,4,1,23,-1841,29553,657823,474689
2328,-1,4,5,0,-3152,25730,661646,414832
2329,-1,4,5,1,2136,31652,655724,504296
2330,-1,4,5,2,-2848,27340,660036,440288
2331,-1,4,5,3,-802,29321,658055,469938
2332,-1,4,5,4,1242,25674,661702,409542
2333,-1,4,5,5,-5562,31429,655947,508426
2334,-1,4,5,6,312,28974,658402,463272
2335,-1,4,5,7,585,30796,656580,492151
2336,-1,4,5,8,-874,26719,660657,428378
2337,-1,4,5,9,3912,31828,655548,505336
2338,-1,4,5,10,4047,29198,658178,463121
2339,-1,4,5,11,-555,28296,659080,453291
2340,-1,4,5,12,-2008,26212,661164,421400
2341,-1,4,5,13,3501,31050,656326,493299
2342,-1,4,5,14,238,26239,661137,419586
2343,-1,4,5,15,-558,30110,657266,482318
2344,-1,4,5,16,-302,26023,661353,416670
2345,-1,4,5,17,641,31773,655603,507727
2346,-1,4,5,18,-1246,26271,661105,421582
2347,-1,4,5,19,2822,28462,658914,452570
2348,-1,4,5,20,-2481,26257,661119,422593
2349,-1,4,5,21,-1440,31542,655834,506112
2350,-1,4,5,22,-206,25488,661888,408014
2351,-1,4,5,23,2598,30992,656384,493274
2352,-1,4,7,0,-3485,23493,663883,379373
2353,-1,4,7,1,1657,30408,656968,484871
2354,-1,4,7,2,-638,27433,659943,439566
2355,-1,4,7,3,1239,33168,654208,529449
2356,-1,4,7,4,715,24648,662728,393653
2357,-1,4,7,5,2177,30606,656770,487519
2358,-1,4,7,6,-86,28198,659178,451254
2359,-1,4,7,7,-617,30187,657189,483609
2360,-1,4,7,8,-595,25877,661499,414627
2361,-1,4,7,9,-167,29053,658323,465015
2362,-1,4,7,10,250,27442,659934,438822
2363,-1,4,7,11,2079,32080,655296,511201
2364,-1,4,7,12,-2858,28165,659211,453498
2365,-1,4,7,13,2172,30493,656883,485716
2366,-1,4,7,14,2444,28245,659131,449476
2367,-1,4,7,15,-449,29508,657868,472577
2368,-1,4,7,16,-281,26380,660996,422361
2369,-1,4,7,17,-1267,29024,658352,465651
2370,-1,4,7,18,906,27513,659863,439302
2371,-1,4,7,19,785,30857,656519,492927
2372,-1,4,7,20,606,25618,661758,409282
2373,-1,4,7,21,555,31059,656317,496389
2374,-1,4,7,22,-4256,27113,660263,438064
2375,-1,4,7,23,-886,30808,656568,493814
2376,-1,4,11,0,-2967,26637,660739,429159
2377,-1,4,11,1,1000,28665,658711,457640
2378,-1,4,11,2,-3252,28204,659172,454516
2379,-1,4,11,3,-1959,32571,654805,523095
2380,-1,4,11,4,2207,26249,661127,417777
2381,-1,4,11,5,706,29236,658140,467070
2382,-1,4,11,6,-1655,26935,660441,432615
2383,-1,4,11,7,3395,31778,655598,505053
2384,-1,4,11,8,1407,25921,661455,413329
2385,-1,4,11,9,1619,30901,656475,492797
2386,-1,4,11,10,1358,28349,659027,452226
2387,-1,4,11,11,-5086,30610,656766,494846
2388,-1,4,11,12,-2602,24409,662967,393146
2389,-1,4,11,13,3063,31713,655663,504345
2390,-1,4,11,14,-1103,26998,660378,433071
2391,-1,4,11,15,2892,29403,657973,467556
2392,-1,4,11,16,-926,25533,661843,409454
2393,-1,4,11,17,179,30202,657174,483053
2394,-1,4,11,18,1130,29206,658170,466166
2395,-1,4,11,19,1586,29804,657572,475278
2396,-1,4,11,20,-3017,25432,661944,409929
2397,-1,4,11,21,-1440,29926,657450,480256
2398,-1,4,11,22,2142,26252,661124,417890
2399,-1,4,11,23,1323,32442,654934,517749
2400,-1,4,13,0,-2294,26545,660831,427014
2401,-1,4,13,1,-697,32011,655365,512873
2402,-1,4,13,2,-2595,26941,660435,433651
2403,-1,4,13,3,2254,28405,658971,452226
2404,-1,4,13,4,-2014,25493,661883,409902
2405,-1,4,13,5,-1042,33164,654212,531666
2406,-1,4,13,6,-1164,25575,661801,410364
2407,-1,4,13,7,5816,29647,657729,468536
2408,-1,4,13,8,-1709,26666,660710,428365
2409,-1,4,13,9,4716,32559,654817,516228
2410,-1,4,13,10,309,26946,660430,430827
2411,-1,4,13,11,-2375,27716,659660,445831
2412,-1,4,13,12,-4304,26327,661049,425536
2413,-1,4,13,13,-2708,30329,657047,487972
2414,-1,4,13,14,3050,27243,660133,432838
2415,-1,4,13,15,-6041,31296,656080,506777
2416,-1,4,13,16,-325,25261,662115,404501
2417,-1,4,13,17,2670,30683,656693,488258
2418,-1,4,13,18,2239,28922,658454,460513
2419,-1,4,13,19,1586,29958,657418,477742
2420,-1,4,13,20,3071,26323,661053,418097
2421,-1,4,13,21,249,30528,656848,488199
2422,-1,4,13,22,-1542,27883,659493,447670
2423,-1,4,13,23,2850,30955,656421,492430
2424,-1,4,17,0,-2181,26348,661028,423749
2425,-1,4,17,1,5870,30507,656869,482242
2426,-1,4,17,2,-1092,26581,660795,426388
2427,-1,4,17,3,-3060,27891,659485,449316
2428,-1,4,17,4,2716,26289,661087,417908
2429,-1,4,17,5,-1801,31775,655601,510201
2430,-1,4,17,6,260,29360,658016,469500
2431,-1,4,17,7,221,29335,658041,469139
2432,-1,4,17,8,4077,25085,662291,397283
2433,-1,4,17,9,-2361,31589,655787,507785
2434,-1,4,17,10,1904,26516,660860,422352
2435,-1,4,17,11,3876,30706,656670,487420
2436,-1,4,17,12,-2979,25594,661782,412483
2437,-1,4,17,13,-233,32195,655181,515353
2438,-1,4,17,14,-1518,26998,660378,433486
2439,-1,4,17,15,1700,31540,655836,502940
2440,-1,4,17,16,-1776,25408,661968,408304
2441,-1,4,17,17,-3120,31427,655949,505952
2442,-1,4,17,18,-1194,25885,661491,415354
2443,-1,4,17,19,3186,29923,657453,475582
2444,-1,4,17,20,-7432,27891,659485,453688
2445,-1,4,17,21,4833,31781,655595,503663
2446,-1,4,17,22,1937,28170,659206,448783
2447,-1,4,17,23,-1833,28582,658794,459145
2448,-1,4,19,0,-2302,25780,661596,414782
2449,-1,4,19,1,111,30100,657276,481489
2450,-1,4,19,2,1675,29827,657549,475557
2451,-1,4,19,3,-1886,30242,657134,485758
2452,-1,4,19,4,825,24726,662650,394791
2453,-1,4,19,5,470,29358,658018,469258
2454,-1,4,19,6,-1350,27029,660347,433814
2455,-1,4,19,7,1901,29632,657744,472211
2456,-1,4,19,8,207,26009,661367,415937
2457,-1,4,19,9,2247,29396,657980,468089
2458,-1,4,19,10,-4609,27250,660126,440609
2459,-1,4,19,11,-1840,31331,656045,503136
2460,-1,4,19,12,-4041,25878,661498,418089
2461,-1,4,19,13,3718,30801,656575,489098
2462,-1,4,19,14,131,25851,661525,413485
2463,-1,4,19,15,2676,32434,654942,516268
2464,-1,4,19,16,-391,26302,661074,421223
2465,-1,4,19,17,440,30272,657104,483912
2466,-1,4,19,18,2170,28682,658694,456742
2467,-1,4,19,19,-1733,31412,655964,504325
2468,-1,4,19,20,-196,25486,661890,407972
2469,-1,4,19,21,-1859,30716,656660,493315
2470,-1,4,19,22,603,27305,660071,436277
2471,-1,4,19,23,3033,31557,655819,501879
2472,-1,4,23,0,-3525,26611,660765,429301
2473,-1,4,23,1,2426,30682,656694,488486
2474,-1,4,23,2,-739,27010,660366,432899
2475,-1,4,23,3,1250,30428,656948,485598
2476,-1,4,23,4,1402,27043,660333,431286
2477,-1,4,23,5,2763,31956,655420,508533
2478,-1,4,23,6,-610,28189,659187,451634
2479,-1,4,23,7,3813,29557,657819,469099
2480,-1,4,23,8,-715,24400,662976,391115
2481,-1,4,23,9,-325,30321,657055,485461
2482,-1,4,23,10,1172,27426,659950,437644
2483,-1,4,23,11,1685,33652,653724,536747
2484,-1,4,23,12,-2044,24435,662941,393004
2485,-1,4,23,13,1637,29696,657680,473499
2486,-1,4,23,14,-3616,28192,659184,454688
2487,-1,4,23,15,-317,31546,655830,505053
2488,-1,4,23,16,-121,24739,662637,395945
2489,-1,4,23,17,-1878,27482,659894,441590
2490,-1,4,23,18,85,27952,659424,447147
2491,-1,4,23,19,1168,32025,655351,511232
2492,-1,4,23,20,-895,26953,660423,432143
2493,-1,4,23,21,504,30506,656870,487592
2494,-1,4,23,22,2328,27175,660201,432472
2495,-1,4,23,23,-5448,29400,657976,475848
2496,-1,5,1,0,3006,25342,662034,402466
2497,-1,5,1,1,2197,30907,656469,492315
2498,-1,5,1,2,1558,26293,661083,419130
2499,-1,5,1,3,390,31595,655781,505130
2500,-1,5,1,4,28,25770,661606,412292
2501,-1,5,1,5,1540,31155,656221,496940
2502,-1,5,1,6,-2171,26934,660442,433115
2503,-1,5,1,7,998,31485,655891,502762
2504,-1,5,1,8,-6013,26041,661335,422669
2505,-1,5,1,9,-1850,29988,657388,481658
2506,-1,5,1,10,2067,25713,661663,409341
2507,-1,5,1,11,-3369,28807,658569,464281
2508,-1,5,1,12,3441,28176,659200,447375
2509,-1,5,1,13,1770,31912,655464,508822
2510,-1,5,1,14,2878,28151,659225,447538
2511,-1,5,1,15,-1701,28271,659105,454037
2512,-1,5,1,16,1460,25240,662136,402380
2513,-1,5,1,17,-2004,32570,654806,523124
2514,-1,5,1,18,-1326,27174,660202,436110
2515,-1,5,1,19,-1039,27694,659682,444143
2516,-1,5,1,20,2133,26650,660726,424267
2517,-1,5,1,21,-377,32725,654651,523977
2518,-1,5,1,22,-1943,29183,658193,468871
2519,-1,5,1,23,-1673,29600,657776,475273
2520,-1,5,5,0,-281,25946,661430,415417
2521,-1,5,5,1,-395,31464,655912,503819
2522,-1,5,5,2,374,27485,659891,439386
2523,-1,5,5,3,-1199,29213,658163,468607
2524,-1,5,5,4,698,25670,661706,410022
2525,-1,5,5,5,-4465,31559,655817,509409
2526,-1,5,5,6,195,28956,658420,463101
2527,-1,5,5,7,-2507,30612,656764,492299
2528,-1,5,5,8,-687,26602,660774,426319
2529,-1,5,5,9,2207,31773,655603,506161
2530,-1,5,5,10,-798,28797,658579,461550
2531,-1,5,5,11,-583,28330,659046,453863
2532,-1,5,5,12,4847,26586,660790,420529
2533,-1,5,5,13,-1973,30726,656650,493589
2534,-1,5,5,14,-514,26221,661155,420050
2535,-1,5,5,15,2612,30358,657018,483116
2536,-1,5,5,16,785,26054,661322,416079
2537,-1,5,5,17,1850,31883,655493,508278
2538,-1,5,5,18,-448,26387,660989,422640
2539,-1,5,5,19,-3752,28061,659315,452728
2540,-1,5,5,20,-1307,26361,661015,423083
2541,-1,5,5,21,4052,31852,655524,505580
2542,-1,5,5,22,2254,25602,661774,407378
2543,-1,5,5,23,-965,30878,656498,495013
2544,-1,5,7,0,1687,23710,663666,377673
2545,-1,5,7,1,-439,30312,657064,485431
2546,-1,5,7,2,-1593,27345,660031,439113
2547,-1,5,7,3,-68,33106,654270,529764
2548,-1,5,7,4,3280,24820,662556,393840
2549,-1,5,7,5,-2237,30432,656944,489149
2550,-1,5,7,6,-144,28145,659231,450464
2551,-1,5,7,7,4822,30667,656709,485850
2552,-1,5,7,8,2074,26050,661326,414726
2553,-1,5,7,9,-2835,28879,658497,464899
2554,-1,5,7,10,-547,27409,659967,439091
2555,-1,5,7,11,1853,32053,655323,510995
2556,-1,5,7,12,38,28330,659046,453242
2557,-1,5,7,13,-885,30274,657102,485269
2558,-1,5,7,14,1898,28251,659125,450118
2559,-1,5,7,15,-533,29541,657835,473189
2560,-1,5,7,16,-4246,26086,661290,421622
2561,-1,5,7,17,-2191,29004,658372,466255
2562,-1,5,7,18,1369,27441,659935,437687
2563,-1,5,7,19,428,30745,656631,491492
2564,-1,5,7,20,-1823,25489,661887,409647
2565,-1,5,7,21,-102,31053,656323,496950
2566,-1,5,7,22,3125,27591,659785,438331
2567,-1,5,7,23,-2931,30643,656733,493219
2568,-1,5,11,0,-1656,26715,660661,429096
2569,-1,5,11,1,-4577,28329,659047,457841
2570,-1,5,11,2,-586,28372,659004,454538
2571,-1,5,11,3,4018,32919,654457,522686
2572,-1,5,11,4,-855,26054,661322,417719
2573,-1,5,11,5,-307,29212,658164,467699
2574,-1,5,11,6,2617,27269,660107,433687
2575,-1,5,11,7,-2577,31395,655981,504897
2576,-1,5,11,8,-847,25686,661690,411823
2577,-1,5,11,9,-1095,30702,656674,492327
2578,-1,5,11,10,3683,28534,658842,452861
2579,-1,5,11,11,-2889,30859,656517,496633
2580,-1,5,11,12,4834,24809,662567,392110
2581,-1,5,11,13,-1466,31450,655926,504666
2582,-1,5,11,14,468,26960,660416,430892
2583,-1,5,11,15,4218,29462,657914,467174
2584,-1,5,11,16,703,25570,661806,408417
2585,-1,5,11,17,-1775,30148,657228,484143
2586,-1,5,11,18,-1482,29082,658294,466794
2587,-1,5,11,19,-7,29689,657687,475031
2588,-1,5,11,20,-1169,25651,661725,411585
2589,-1,5,11,21,531,30113,657263,481277
2590,-1,5,11,22,-592,25965,661411,416032
2591,-1,5,11,23,808,32431,654945,518088
2592,-1,5,13,0,4660,26868,660508,425228
2593,-1,5,13,1,2079,32272,655104,514273
2594,-1,5,13,2,1612,27261,660115,434564
2595,-1,5,13,3,-345,28163,659213,450953
2596,-1,5,13,4,1229,25735,661641,410531
2597,-1,5,13,5,-2362,33096,654280,531898
2598,-1,5,13,6,-875,25590,661786,410315
2599,-1,5,13,7,1585,29407,657969,468927
2600,-1,5,13,8,-5102,26459,660917,428446
2601,-1,5,13,9,-315,32219,655157,515819
2602,-1,5,13,10,138,26890,660486,430102
2603,-1,5,13,11,-3563,27669,659707,446267
2604,-1,5,13,12,1787,26650,660726,424613
2605,-1,5,13,13,1888,30547,656829,486864
2606,-1,5,13,14,2824,27183,660193,432104
2607,-1,5,13,15,-966,31703,655673,508214
2608,-1,5,13,16,259,25275,662101,404141
2609,-1,5,13,17,1898,30629,656747,488166
2610,-1,5,13,18,-2622,28518,658858,458910
2611,-1,5,13,19,-1626,29772,657604,477978
2612,-1,5,13,20,1222,26232,661144,418490
2613,-1,5,13,21,-1912,30494,656882,489816
2614,-1,5,13,22,-14,28006,659370,448110
2615,-1,5,13,23,-1479,30738,656638,493287
2616,-1,5,17,0,1041,26573,660803,424127
2617,-1,5,17,1,-1922,30038,657338,482530
2618,-1,5,17,2,-44,26631,660745,426140
2619,-1,5,17,3,1259,28178,659198,449589
2620,-1,5,17,4,1278,26218,661158,418210
2621,-1,5,17,5,682,31983,655393,511046
2622,-1,5,17,6,-1949,29215,658161,469389
2623,-1,5,17,7,-2985,29217,658159,470457
2624,-1,5,17,8,-2793,24544,662832,395497
2625,-1,5,17,9,3562,31968,655408,507926
2626,-1,5,17,10,647,26421,660955,422089
2627,-1,5,17,11,-2003,30462,656914,489395
2628,-1,5,17,12,3525,25959,661417,411819
2629,-1,5,17,13,-446,32152,655224,514878
2630,-1,5,17,14,-96,27075,660301,433296
2631,-1,5,17,15,154,31393,655983,502134
2632,-1,5,17,16,205,25506,661870,407891
2633,-1,5,17,17,-3297,31459,655917,506641
2634,-1,5,17,18,1696,26128,661248,416352
2635,-1,5,17,19,-3274,29456,657920,474570
2636,-1,5,17,20,799,28419,658957,453905
2637,-1,5,17,21,2697,31657,655719,503815
2638,-1,5,17,22,809,27978,659398,446839
2639,-1,5,17,23,455,28746,658630,459481
2640,-1,5,19,0,-623,25726,661650,412239
2641,-1,5,19,1,-2610,29900,657476,481010
2642,-1,5,19,2,-1318,29715,657661,476758
2643,-1,5,19,3,1947,30541,656835,486709
2644,-1,5,19,4,583,24675,662701,394217
2645,-1,5,19,5,-1119,29328,658048,470367
2646,-1,5,19,6,2070,27105,660271,431610
2647,-1,5,19,7,1960,29626,657750,472056
2648,-1,5,19,8,372,26014,661362,415852
2649,-1,5,19,9,-1528,29171,658205,468264
2650,-1,5,19,10,3778,27792,659584,440894
2651,-1,5,19,11,-4115,31140,656236,502355
2652,-1,5,19,12,2348,26314,661062,418676
2653,-1,5,19,13,1286,30686,656690,489690
2654,-1,5,19,14,1623,25881,661495,412473
2655,-1,5,19,15,-2548,32106,655270,516244
2656,-1,5,19,16,-1549,26231,661145,421245
2657,-1,5,19,17,-3309,30108,657268,485037
2658,-1,5,19,18,-845,28481,658895,456541
2659,-1,5,19,19,3290,31786,655590,505286
2660,-1,5,19,20,-121,25525,661851,408521
2661,-1,5,19,21,-1409,30761,656615,493585
2662,-1,5,19,22,-1200,27208,660168,436528
2663,-1,5,19,23,3037,31556,655820,501859
2664,-1,5,23,0,466,26774,660602,427918
2665,-1,5,23,1,-2663,30348,657028,488231
2666,-1,5,23,2,-916,26944,660432,432020
2667,-1,5,23,3,2089,30390,656986,484151
2668,-1,5,23,4,-494,26892,660484,430766
2669,-1,5,23,5,849,31872,655504,509103
2670,-1,5,23,6,1769,28430,658946,453111
2671,-1,5,23,7,-1406,29225,658151,469006
2672,-1,5,23,8,-1293,24340,663036,390733
2673,-1,5,23,9,129,30359,657017,485615
2674,-1,5,23,10,779,27330,660046,436501
2675,-1,5,23,11,1302,33655,653721,537178
2676,-1,5,23,12,2712,24750,662626,393288
2677,-1,5,23,13,-3380,29431,657945,474276
2678,-1,5,23,14,798,28388,658988,453410
2679,-1,5,23,15,6147,31991,655385,505709
2680,-1,5,23,16,342,24732,662644,395370
2681,-1,5,23,17,-2931,27488,659888,442739
2682,-1,5,23,18,-634,27921,659455,447370
2683,-1,5,23,19,-1178,31859,655517,510922
2684,-1,5,23,20,-723,26997,660379,432675
2685,-1,5,23,21,-693,30456,656920,487989
2686,-1,5,23,22,2312,27169,660207,432392
2687,-1,5,23,23,-3383,29635,657741,477543
2688,-1,6,1,0,776,25356,662020,404920
2689,-1,6,1,1,-1915,30668,656708,492603
2690,-1,6,1,2,946,26306,661070,419950
2691,-1,6,1,3,-1325,31464,655912,504749
2692,-1,6,1,4,-2465,25606,661770,412161
2693,-1,6,1,5,-2013,30946,656430,497149
2694,-1,6,1,6,1105,27148,660228,433263
2695,-1,6,1,7,1549,31469,655907,501955
2696,-1,6,1,8,1815,26536,660840,422761
2697,-1,6,1,9,292,30132,657244,481820
2698,-1,6,1,10,4607,25851,661525,409009
2699,-1,6,1,11,-1314,28872,658504,463266
2700,-1,6,1,12,-2172,27896,659480,448508
2701,-1,6,1,13,1327,31782,655594,507185
2702,-1,6,1,14,-1708,27915,659461,448348
2703,-1,6,1,15,1299,28454,658922,453965
2704,-1,6,1,16,-1418,25046,662330,402154
2705,-1,6,1,17,-191,32618,654758,522079
2706,-1,6,1,18,3363,27456,659920,435933
2707,-1,6,1,19,2515,27885,659491,443645
2708,-1,6,1,20,4588,26823,660553,424580
2709,-1,6,1,21,-1354,32703,654673,524602
2710,-1,6,1,22,-3797,29035,658341,468357
2711,-1,6,1,23,-4510,29409,657967,475054
2712,-1,6,5,0,-1124,25905,661471,415604
2713,-1,6,5,1,-2145,31324,656052,503329
2714,-1,6,5,2,4006,27685,659691,438954
2715,-1,6,5,3,903,29356,658020,468793
2716,-1,6,5,4,241,25670,661706,410479
2717,-1,6,5,5,3061,32005,655371,509019
2718,-1,6,5,6,2035,29039,658337,462589
2719,-1,6,5,7,40,30722,656654,491512
2720,-1,6,5,8,-187,26685,660691,427147
2721,-1,6,5,9,602,31739,655637,507222
2722,-1,6,5,10,-1070,28815,658561,462110
2723,-1,6,5,11,-1143,28281,659095,453639
2724,-1,6,5,12,-918,26338,661038,422326
2725,-1,6,5,13,-1336,30672,656704,492088
2726,-1,6,5,14,-2047,26186,661190,421023
2727,-1,6,5,15,-2805,30001,657375,482821
2728,-1,6,5,16,4452,26367,661009,417420
2729,-1,6,5,17,376,31780,655596,508104
2730,-1,6,5,18,996,26455,660921,422284
2731,-1,6,5,19,-749,28212,659164,452141
2732,-1,6,5,20,-1340,26298,661078,422108
2733,-1,6,5,21,-4412,31329,656047,505676
2734,-1,6,5,22,596,25531,661845,407900
2735,-1,6,5,23,1968,30981,656395,493728
2736,-1,6,7,0,-1301,23596,663780,378837
2737,-1,6,7,1,2282,30374,657002,483702
2738,-1,6,7,2,-17,27549,659827,440801
2739,-1,6,7,3,476,33082,654294,528836
2740,-1,6,7,4,2185,24801,662575,394631
2741,-1,6,7,5,-4554,30269,657107,488858
2742,-1,6,7,6,2297,28395,658981,452023
2743,-1,6,7,7,157,30268,657108,484131
2744,-1,6,7,8,4170,26174,661202,414614
2745,-1,6,7,9,-2378,28977,658399,466010
2746,-1,6,7,10,-3352,27141,660235,437608
2747,-1,6,7,11,-1549,31776,655600,509965
2748,-1,6,7,12,16,28330,659046,453264
2749,-1,6,7,13,3,30312,657064,484989
2750,-1,6,7,14,-934,28081,659295,450230
2751,-1,6,7,15,-2758,29454,657922,474022
2752,-1,6,7,16,-2636,26233,661143,422364
2753,-1,6,7,17,2247,29224,658152,465337
2754,-1,6,7,18,2060,27535,659841,438500
2755,-1,6,7,19,1034,30850,656526,492566
2756,-1,6,7,20,2422,25776,661600,409994
2757,-1,6,7,21,3572,31240,656136,496268
2758,-1,6,7,22,730,27363,660013,437078
2759,-1,6,7,23,-4172,30576,656800,493388
2760,-1,6,11,0,-956,26801,660575,429772
2761,-1,6,11,1,158,28560,658816,456802
2762,-1,6,11,2,-61,28410,658966,454621
2763,-1,6,11,3,-2999,32417,654959,521671
2764,-1,6,11,4,1302,26210,661166,418058
2765,-1,6,11,5,2668,29339,658037,466756
2766,-1,6,11,6,1840,27194,660182,433264
2767,-1,6,11,7,-1359,31458,655918,504687
2768,-1,6,11,8,-261,25796,661580,412997
2769,-1,6,11,9,-2396,30636,656740,492572
2770,-1,6,11,10,-2792,28147,659229,453144
2771,-1,6,11,11,139,31066,656310,496917
2772,-1,6,11,12,-1097,24535,662841,393657
2773,-1,6,11,13,-1275,31368,656008,503163
2774,-1,6,11,14,20,26968,660408,431468
2775,-1,6,11,15,-296,29260,658116,468456
2776,-1,6,11,16,5134,25888,661488,409074
2777,-1,6,11,17,2038,30381,656995,484058
2778,-1,6,11,18,1202,29207,658169,466110
2779,-1,6,11,19,-1714,29544,657832,474418
2780,-1,6,11,20,734,25680,661696,410146
2781,-1,6,11,21,-21,30112,657264,481813
2782,-1,6,11,22,575,26138,661238,417633
2783,-1,6,11,23,-583,32261,655115,516759
2784,-1,6,13,0,-2315,26583,660793,427643
2785,-1,6,13,1,-107,32084,655292,513451
2786,-1,6,13,2,-693,27128,660248,434741
2787,-1,6,13,3,2281,28351,659025,451335
2788,-1,6,13,4,-1398,25591,661785,410854
2789,-1,6,13,5,-486,33138,654238,530694
2790,-1,6,13,6,1841,25765,661611,410399
2791,-1,6,13,7,2996,29459,657917,468348
2792,-1,6,13,8,7941,27313,660063,429067
2793,-1,6,13,9,658,32333,655043,516670
2794,-1,6,13,10,1998,26988,660388,429810
2795,-1,6,13,11,-4338,27603,659773,445986
2796,-1,6,13,12,919,26669,660707,425785
2797,-1,6,13,13,-481,30366,657010,486337
2798,-1,6,13,14,-69,27093,660283,433557
2799,-1,6,13,15,-2307,31567,655809,507379
2800,-1,6,13,16,-2485,25061,662315,403461
2801,-1,6,13,17,-1718,30426,656950,488534
2802,-1,6,13,18,2627,28839,658537,458797
2803,-1,6,13,19,1068,29895,657481,477252
2804,-1,6,13,20,-1538,26046,661330,418274
2805,-1,6,13,21,-1720,30502,656874,489752
2806,-1,6,13,22,-1188,27898,659478,447556
2807,-1,6,13,23,-1486,30678,656698,492334
2808,-1,6,17,0,-1407,26421,660955,424143
2809,-1,6,17,1,-3684,29842,657534,481156
2810,-1,6,17,2,5075,26934,660442,425869
2811,-1,6,17,3,-3082,27859,659517,448826
2812,-1,6,17,4,1615,26243,661133,418273
2813,-1,6,17,5,183,31887,655489,510009
2814,-1,6,17,6,979,29390,657986,469261
2815,-1,6,17,7,-985,29228,658148,468633
2816,-1,6,17,8,-498,24723,662653,396066
2817,-1,6,17,9,-1384,31678,655698,508232
2818,-1,6,17,10,1789,26575,660801,423411
2819,-1,6,17,11,2682,30656,656720,487814
2820,-1,6,17,12,-635,25822,661554,413787
2821,-1,6,17,13,203,32154,655222,514261
2822,-1,6,17,14,-3116,26937,660439,434108
2823,-1,6,17,15,1180,31498,655878,502788
2824,-1,6,17,16,3078,25794,661582,409626
2825,-1,6,17,17,3254,31898,655478,507114
2826,-1,6,17,18,2052,26104,661272,415612
2827,-1,6,17,19,276,29706,657670,475020
2828,-1,6,17,20,-1029,28260,659116,453189
2829,-1,6,17,21,-2426,31390,655986,504666
2830,-1,6,17,22,-2263,27771,659605,446599
2831,-1,6,17,23,-1857,28606,658770,459553
2832,-1,6,19,0,-245,25827,661549,413477
2833,-1,6,19,1,1699,30118,657258,480189
2834,-1,6,19,2,-73,29794,657582,476777
2835,-1,6,19,3,-2586,30265,657111,486826
2836,-1,6,19,4,-2030,24534,662842,394574
2837,-1,6,19,5,956,29362,658014,468836
2838,-1,6,19,6,3334,27286,660090,433242
2839,-1,6,19,7,-387,29494,657882,472291
2840,-1,6,19,8,2583,26158,661218,415945
2841,-1,6,19,9,1364,29328,658048,467884
2842,-1,6,19,10,-2601,27326,660050,439817
2843,-1,6,19,11,-3566,31138,656238,501774
2844,-1,6,19,12,-1040,26099,661277,418624
2845,-1,6,19,13,586,30568,656808,488502
2846,-1,6,19,14,-878,25836,661540,414254
2847,-1,6,19,15,304,32271,655105,516032
2848,-1,6,19,16,1579,26500,660876,422421
2849,-1,6,19,17,-3263,30131,657245,485359
2850,-1,6,19,18,1023,28644,658732,457281
2851,-1,6,19,19,1578,31624,655752,504406
2852,-1,6,19,20,4009,25792,661584,408663
2853,-1,6,19,21,-170,30889,656487,494394
2854,-1,6,19,22,-21,27178,660198,434869
2855,-1,6,19,23,-2155,31214,656162,501579
2856,-1,6,23,0,300,26888,660488,429908
2857,-1,6,23,1,-679,30418,656958,487367
2858,-1,6,23,2,-2210,26928,660448,433058
2859,-1,6,23,3,1085,30396,656980,485251
2860,-1,6,23,4,5669,27326,660050,431547
2861,-1,6,23,5,-671,31768,655608,508959
2862,-1,6,23,6,861,28338,659038,452547
2863,-1,6,23,7,-1850,29152,658224,468282
2864,-1,6,23,8,-834,24343,663033,390322
2865,-1,6,23,9,-2547,30205,657171,485827
2866,-1,6,23,10,-1280,27234,660142,437024
2867,-1,6,23,11,99,33462,653914,535293
2868,-1,6,23,12,-2353,24448,662928,393521
2869,-1,6,23,13,-438,29510,657866,472598
2870,-1,6,23,14,2169,28450,658926,453031
2871,-1,6,23,15,-4380,31281,656095,504876
2872,-1,6,23,16,767,24772,662604,395585
2873,-1,6,23,17,5377,27952,659424,441855
2874,-1,6,23,18,2181,28063,659313,446827
2875,-1,6,23,19,-1223,31850,655526,510823
2876,-1,6,23,20,1307,27133,660243,432821
2877,-1,6,23,21,130,30543,656833,488558
2878,-1,6,23,22,-937,27051,660325,433753
2879,-1,6,23,23,-543,29865,657511,478383
2880,-1,7,1,0,2418,25419,661957,404286
2881,-1,7,1,1,1129,30905,656471,493351
2882,-1,7,1,2,1333,26259,661117,418811
2883,-1,7,1,3,-5062,31224,656152,504646
2884,-1,7,1,4,2355,25938,661438,412653
2885,-1,7,1,5,-887,31004,656372,496951
2886,-1,7,1,6,-4692,26798,660578,433460
2887,-1,7,1,7,6459,31693,655683,500629
2888,-1,7,1,8,5639,26814,660562,423385
2889,-1,7,1,9,-2186,29915,657461,480826
2890,-1,7,1,10,-1630,25556,661820,410526
2891,-1,7,1,11,-1429,28832,658544,462741
2892,-1,7,1,12,-1601,27878,659498,447649
2893,-1,7,1,13,-3402,31554,655822,508266
2894,-1,7,1,14,-1455,27899,659477,447839
2895,-1,7,1,15,-1313,28319,659057,454417
2896,-1,7,1,16,-810,25099,662277,402394
2897,-1,7,1,17,-3713,32449,654927,522897
2898,-1,7,1,18,753,27305,660071,436127
2899,-1,7,1,19,-140,27668,659708,442828
2900,-1,7,1,20,6343,26931,660445,424553
2901,-1,7,1,21,-1911,32686,654690,524887
2902,-1,7,1,22,127,29260,658116,468033
2903,-1,7,1,23,3675,29971,657405,475861
2904,-1,7,5,0,3017,26201,661175,416199
2905,-1,7,5,1,1411,31571,655805,503725
2906,-1,7,5,2,-199,27505,659871,440279
2907,-1,7,5,3,5095,29598,657778,468473
2908,-1,7,5,4,5704,25975,661401,409896
2909,-1,7,5,5,-214,31821,655555,509350
2910,-1,7,5,6,-4266,28611,658765,462042
2911,-1,7,5,7,-2391,30526,656850,490807
2912,-1,7,5,8,960,26832,660544,428352
2913,-1,7,5,9,-3873,31396,655980,506209
2914,-1,7,5,10,-1720,28696,658680,460856
2915,-1,7,5,11,3179,28541,658835,453477
2916,-1,7,5,12,3868,26529,660847,420596
2917,-1,7,5,13,-4510,30563,656813,493518
2918,-1,7,5,14,1847,26421,660955,420889
2919,-1,7,5,15,209,30180,657196,482671
2920,-1,7,5,16,-283,26015,661361,416523
2921,-1,7,5,17,-1378,31722,655654,508930
2922,-1,7,5,18,-3224,26220,661156,422744
2923,-1,7,5,19,-1525,28250,659126,453525
2924,-1,7,5,20,1078,26527,660849,423354
2925,-1,7,5,21,-2406,31440,655936,505446
2926,-1,7,5,22,1998,25624,661752,407986
2927,-1,7,5,23,-2377,30612,656764,492169
2928,-1,7,7,0,-803,23651,663725,379219
2929,-1,7,7,1,192,30193,657183,482896
2930,-1,7,7,2,136,27526,659850,440280
2931,-1,7,7,3,-4793,32764,654612,529017
2932,-1,7,7,4,-617,24587,662789,394009
2933,-1,7,7,5,-3545,30322,657054,488697
2934,-1,7,7,6,-6018,27792,659584,450690
2935,-1,7,7,7,-659,30264,657112,484883
2936,-1,7,7,8,5877,26262,661114,414315
2937,-1,7,7,9,1578,29232,658144,466134
2938,-1,7,7,10,-985,27404,659972,439449
2939,-1,7,7,11,245,31971,655405,511291
2940,-1,7,7,12,3894,28547,658829,452858
2941,-1,7,7,13,3294,30501,656875,484722
2942,-1,7,7,14,5289,28401,658975,449127
2943,-1,7,7,15,-1661,29446,657930,472797
2944,-1,7,7,16,-665,26317,661059,421737
2945,-1,7,7,17,4001,29388,657988,466207
2946,-1,7,7,18,-195,27410,659966,438755
2947,-1,7,7,19,1219,30862,656514,492573
2948,-1,7,7,20,558,25714,661662,410866
2949,-1,7,7,21,-5596,30702,656674,496828
2950,-1,7,7,22,2309,27545,659831,438411
2951,-1,7,7,23,-3055,30575,656801,492255
2952,-1,7,11,0,-36,26883,660493,430164
2953,-1,7,11,1,-1392,28561,658815,458368
2954,-1,7,11,2,4176,28804,658572,456688
2955,-1,7,11,3,-1181,32511,654865,521357
2956,-1,7,11,4,7256,26506,660870,416840
2957,-1,7,11,5,1221,29198,658178,465947
2958,-1,7,11,6,1096,27138,660238,433112
2959,-1,7,11,7,-3557,31324,656052,504741
2960,-1,7,11,8,874,25917,661459,413798
2961,-1,7,11,9,-550,30776,656600,492966
2962,-1,7,11,10,-1927,28209,659167,453271
2963,-1,7,11,11,-404,31004,656372,496468
2964,-1,7,11,12,2205,24639,662737,392019
2965,-1,7,11,13,230,31461,655915,503146
2966,-1,7,11,14,3359,27160,660216,431201
2967,-1,7,11,15,-2242,29020,658356,466562
2968,-1,7,11,16,2668,25729,661647,408996
2969,-1,7,11,17,-2583,30035,657341,483143
2970,-1,7,11,18,-3870,28901,658475,466286
2971,-1,7,11,19,-2296,29564,657812,475320
2972,-1,7,11,20,-4723,25404,661972,411187
2973,-1,7,11,21,2998,30307,657069,481914
2974,-1,7,11,22,-2298,25866,661510,416154
2975,-1,7,11,23,976,32459,654917,518368
2976,-1,7,13,0,-619,26612,660764,426411
2977,-1,7,13,1,-485,32059,655317,513429
2978,-1,7,13,2,568,27142,660234,433704
2979,-1,7,13,3,-2882,28104,659272,452546
2980,-1,7,13,4,1345,25713,661663,410063
2981,-1,7,13,5,-1986,33055,654321,530866
2982,-1,7,13,6,77,25668,661708,410611
2983,-1,7,13,7,-656,29200,658176,467856
2984,-1,7,13,8,4113,27112,660264,429679
2985,-1,7,13,9,-741,32232,655144,516453
2986,-1,7,13,10,-1695,26844,660532,431199
2987,-1,7,13,11,2656,28124,659252,447328
2988,-1,7,13,12,1436,26685,660691,425524
2989,-1,7,13,13,-1788,30400,656976,488188
2990,-1,7,13,14,-690,27016,660360,432946
2991,-1,7,13,15,-3493,31439,655937,506517
2992,-1,7,13,16,200,25324,662052,404984
2993,-1,7,13,17,-2614,30398,656978,488982
2994,-1,7,13,18,-4016,28435,658941,458976
2995,-1,7,13,19,6975,30161,657215,475601
2996,-1,7,13,20,7869,26633,660743,418259
2997,-1,7,13,21,-3356,30369,657007,489260
2998,-1,7,13,22,192,27972,659404,447360
2999,-1,7,13,23,-410,30679,656697,491274
3000,-1,7,17,0,3819,26728,660648,423829
3001,-1,7,17,1,-2946,29944,657432,482050
3002,-1,7,17,2,2881,26879,660497,427183
3003,-1,7,17,3,544,28121,659255,449392
3004,-1,7,17,4,464,26114,661262,417360
3005,-1,7,17,5,-2109,31794,655582,510813
3006,-1,7,17,6,-6428,28924,658452,469212
3007,-1,7,17,7,991,29449,657927,470193
3008,-1,7,17,8,-1529,24728,662648,397177
3009,-1,7,17,9,-2341,31576,655800,507557
3010,-1,7,17,10,-1363,26334,661042,422707
3011,-1,7,17,11,-2268,30276,657100,486684
3012,-1,7,17,12,3066,26002,661374,412966
3013,-1,7,17,13,-153,32190,655186,515193
3014,-1,7,17,14,-1233,27047,660329,433985
3015,-1,7,17,15,4760,31657,655719,501752
3016,-1,7,17,16,4957,25876,661500,409059
3017,-1,7,17,17,517,31749,655627,507467
3018,-1,7,17,18,-1062,25907,661469,415574
3019,-1,7,17,19,-4907,29327,658049,474139
3020,-1,7,17,20,3567,28631,658745,454529
3021,-1,7,17,21,-3938,31260,656116,504098
3022,-1,7,17,22,1641,27986,659390,446135
3023,-1,7,17,23,3070,28877,658499,458962
3024,-1,7,19,0,74,25905,661471,414406
3025,-1,7,19,1,2779,30212,657164,480613
3026,-1,7,19,2,2456,29972,657404,477096
3027,-1,7,19,3,-2666,30229,657147,486330
3028,-1,7,19,4,164,24635,662741,393996
3029,-1,7,19,5,4054,29600,657776,469546
3030,-1,7,19,6,-2249,26899,660477,432633
3031,-1,7,19,7,351,29536,657840,472225
3032,-1,7,19,8,4878,26355,661021,416802
3033,-1,7,19,9,-3706,29050,658326,468506
3034,-1,7,19,10,-113,27639,659737,442337
3035,-1,7,19,11,-1424,31260,656116,501584
3036,-1,7,19,12,3017,26293,661083,417671
3037,-1,7,19,13,707,30482,656894,487005
3038,-1,7,19,14,2969,25955,661421,412311
3039,-1,7,19,15,-3788,31981,655395,515484
3040,-1,7,19,16,-1446,26269,661107,421750
3041,-1,7,19,17,-3598,30110,657266,485358
3042,-1,7,19,18,-3964,28303,659073,456812
3043,-1,7,19,19,209,31590,655786,505231
3044,-1,7,19,20,1557,25621,661755,408379
3045,-1,7,19,21,-312,30884,656492,494456
3046,-1,7,19,22,1437,27310,660066,435523
3047,-1,7,19,23,-1386,31286,656090,501962
3048,-1,7,23,0,376,26844,660532,429128
3049,-1,7,23,1,2892,30682,656694,488020
3050,-1,7,23,2,787,27170,660206,433933
3051,-1,7,23,3,-2629,30105,657271,484309
3052,-1,7,23,4,4475,27216,660160,430981
3053,-1,7,23,5,414,31773,655603,507954
3054,-1,7,23,6,-718,28211,659165,452094
3055,-1,7,23,7,-4626,29067,658309,469698
3056,-1,7,23,8,-1416,24367,663009,391288
3057,-1,7,23,9,4655,30671,656705,486081
3058,-1,7,23,10,225,27342,660034,437247
3059,-1,7,23,11,527,33671,653705,538209
3060,-1,7,23,12,1793,24678,662698,393055
3061,-1,7,23,13,-4054,29340,658036,473494
3062,-1,7,23,14,6748,28794,658582,453956
3063,-1,7,23,15,-794,31426,655950,503610
3064,-1,7,23,16,5449,25019,662357,394855
3065,-1,7,23,17,-1776,27460,659916,441136
3066,-1,7,23,18,-2056,27828,659548,447304
3067,-1,7,23,19,-1227,31821,655555,510363
3068,-1,7,23,20,-2433,26954,660422,433697
3069,-1,7,23,21,-2207,30412,656964,488799
3070,-1,7,23,22,-4450,26733,660643,432178
3071,-1,7,23,23,45,29792,657584,476627
